Date;Region;Country;SubregionCode;Sales
01.10.2007;Europe;Italy;3266;92
01.11.2007;Europe;Italy;3266;80
01.12.2007;Europe;Italy;3266;79
01.01.2008;Europe;Italy;3266;87
01.02.2008;Europe;Italy;3266;90
01.03.2008;Europe;Italy;3266;86
01.04.2008;Europe;Italy;3266;83
01.05.2008;Europe;Italy;3266;77
01.06.2008;Europe;Italy;3266;66
01.07.2008;Europe;Italy;3266;80
01.08.2008;Europe;Italy;3266;60
01.09.2008;Europe;Italy;3266;66
01.10.2008;Europe;Italy;3266;51
01.11.2008;Europe;Italy;3266;57
01.12.2008;Europe;Italy;3266;52
01.01.2009;Europe;Italy;3266;56
01.02.2009;Europe;Italy;3266;61
01.03.2009;Europe;Italy;3266;63
01.04.2009;Europe;Italy;3266;59
01.05.2009;Europe;Italy;3266;48
01.06.2009;Europe;Italy;3266;41
01.07.2009;Europe;Italy;3266;63
01.08.2009;Europe;Italy;3266;55
01.09.2009;Europe;Italy;3266;71
01.10.2009;Europe;Italy;3266;72
01.11.2009;Europe;Italy;3266;57
01.12.2009;Europe;Italy;3266;84
01.01.2010;Europe;Italy;3266;82
01.02.2010;Europe;Italy;3266;77
01.03.2010;Europe;Italy;3266;88
01.04.2010;Europe;Italy;3266;88
01.05.2010;Europe;Italy;3266;81
01.06.2010;Europe;Italy;3266;61
01.07.2010;Europe;Italy;3266;38
01.08.2010;Europe;Italy;3266;66
01.09.2010;Europe;Italy;3266;79
01.10.2010;Europe;Italy;3266;71
01.11.2010;Europe;Italy;3266;60
01.12.2010;Europe;Italy;3266;64
01.01.2011;Europe;Italy;3266;77
01.02.2011;Europe;Italy;3266;81
01.03.2011;Europe;Italy;3266;94
01.04.2011;Europe;Italy;3266;83
01.05.2011;Europe;Italy;3266;80
01.06.2011;Europe;Italy;3266;67
01.07.2011;Europe;Italy;3266;79
01.08.2011;Europe;Italy;3266;62
01.09.2011;Europe;Italy;3266;73
01.10.2011;Europe;Italy;3266;71
01.11.2011;Europe;Italy;3266;58
01.12.2011;Europe;Italy;3266;60
01.01.2012;Europe;Italy;3266;55
01.02.2012;Europe;Italy;3266;75
01.03.2012;Europe;Italy;3266;79
01.04.2012;Europe;Italy;3266;63
01.05.2012;Europe;Italy;3266;68
01.06.2012;Europe;Italy;3266;52
01.07.2012;Europe;Italy;3266;71
01.08.2012;Europe;Italy;3266;62
01.09.2012;Europe;Italy;3266;72
01.10.2012;Europe;Italy;3266;76
01.11.2012;Europe;Italy;3266;59
01.12.2012;Europe;Italy;3266;58
01.01.2013;Europe;Italy;3266;85
01.02.2013;Europe;Italy;3266;84
01.03.2013;Europe;Italy;3266;80
01.04.2013;Europe;Italy;3266;87
01.05.2013;Europe;Italy;3266;73
01.06.2013;Europe;Italy;3266;62
01.07.2013;Europe;Italy;3266;84
01.08.2013;Europe;Italy;3266;65
01.09.2013;Europe;Italy;3266;79
01.10.2013;Europe;Italy;3266;80
01.11.2013;Europe;Italy;3266;63
01.12.2013;Europe;Italy;3266;80
01.01.2014;Europe;Italy;3266;86
01.02.2014;Europe;Italy;3266;78
01.03.2014;Europe;Italy;3266;81
01.04.2014;Europe;Italy;3266;83
01.05.2014;Europe;Italy;3266;81
01.06.2014;Europe;Italy;3266;70
01.07.2014;Europe;Italy;3266;98
01.08.2014;Europe;Italy;3266;66
01.09.2014;Europe;Italy;3266;89
01.10.2014;Europe;Italy;3266;75
01.11.2014;Europe;Italy;3266;75
01.12.2014;Europe;Italy;3266;90
01.01.2015;Europe;Italy;3266;75
01.02.2015;Europe;Italy;3266;89
01.03.2015;Europe;Italy;3266;91
01.04.2015;Europe;Italy;3266;93
01.05.2015;Europe;Italy;3266;89
01.06.2015;Europe;Italy;3266;77
01.07.2015;Europe;Italy;3266;106
01.08.2015;Europe;Italy;3266;80
01.09.2015;Europe;Italy;3266;97
01.10.2015;Europe;Italy;3266;85
01.11.2015;Europe;Italy;3266;83
01.12.2015;Europe;Italy;3266;81
01.01.2016;Europe;Italy;3266;89
01.02.2016;Europe;Italy;3266;92
01.03.2016;Europe;Italy;3266;99
01.04.2016;Europe;Italy;3266;95
01.05.2016;Europe;Italy;3266;79
01.06.2016;Europe;Italy;3266;87
01.07.2016;Europe;Italy;3266;96
01.08.2016;Europe;Italy;3266;85
01.09.2016;Europe;Italy;3266;86
01.10.2016;Europe;Italy;3266;76
01.11.2016;Europe;Italy;3266;79
01.12.2016;Europe;Italy;3266;77
01.01.2017;Europe;Italy;3266;84
01.02.2017;Europe;Italy;3266;88
01.03.2017;Europe;Italy;3266;83
01.04.2017;Europe;Italy;3266;87
01.05.2017;Europe;Italy;3266;87
01.06.2017;Europe;Italy;3266;75
01.07.2017;Europe;Italy;3266;111
01.08.2017;Europe;Italy;3266;79
01.09.2017;Europe;Italy;3266;91
01.10.2017;Europe;Italy;3266;97
01.11.2017;Europe;Italy;3266;77
01.12.2017;Europe;Italy;3266;87
01.01.2018;Europe;Italy;3266;90
01.02.2018;Europe;Italy;3266;98
01.03.2018;Europe;Italy;3266;92
01.04.2018;Europe;Italy;3266;100
01.05.2018;Europe;Italy;3266;97
01.06.2018;Europe;Italy;3266;86
01.07.2018;Europe;Italy;3266;97
01.08.2018;Europe;Italy;3266;87
01.09.2018;Europe;Italy;3266;102
01.10.2018;Europe;Italy;3266;87
01.11.2018;Europe;Italy;3266;79
01.12.2018;Europe;Italy;3266;88
01.01.2019;Europe;Italy;3266;105
01.02.2019;Europe;Italy;3266;90
01.03.2019;Europe;Italy;3266;96
01.04.2019;Europe;Italy;3266;104
01.05.2019;Europe;Italy;3266;97
01.06.2019;Europe;Italy;3266;78
01.07.2019;Europe;Italy;3266;93
01.08.2019;Europe;Italy;3266;84
01.09.2019;Europe;Italy;3266;95
01.10.2019;Europe;Italy;3266;84
01.11.2019;Europe;Italy;3266;89
01.12.2019;Europe;Italy;3266;84
01.01.2020;Europe;Italy;3266;91
01.02.2020;Europe;Italy;3266;104
01.03.2020;Europe;Italy;3266;85
01.04.2020;Europe;Italy;3266;84
01.05.2020;Europe;Italy;3266;81
01.06.2020;Europe;Italy;3266;60
01.07.2020;Europe;Italy;3266;66
01.08.2020;Europe;Italy;3266;48
01.09.2020;Europe;Italy;3266;69
01.10.2020;Europe;Italy;3266;62
01.11.2020;Europe;Italy;3266;66
01.12.2020;Europe;Italy;3266;57
01.01.2021;Europe;Italy;3266;70
01.02.2021;Europe;Italy;3266;72
01.03.2021;Europe;Italy;3266;72
01.04.2021;Europe;Italy;3266;72
01.05.2021;Europe;Italy;3266;72
01.06.2021;Europe;Italy;3266;67
01.07.2021;Europe;Italy;3266;98
01.08.2021;Europe;Italy;3266;84
01.09.2021;Europe;Italy;3266;93
01.10.2021;Europe;Italy;3266;85
01.11.2021;Europe;Italy;3266;72
01.12.2021;Europe;Italy;3266;76
01.01.2022;Europe;Italy;3266;74
01.02.2022;Europe;Italy;3266;70
01.03.2022;Europe;Italy;3266;80
01.04.2022;Europe;Italy;3266;80
01.05.2022;Europe;Italy;3266;80
01.06.2022;Europe;Italy;3266;48
01.07.2022;Europe;Italy;3266;78
01.08.2022;Europe;Italy;3266;47
01.09.2022;Europe;Italy;3266;57
01.10.2022;Europe;Italy;3266;47
01.11.2022;Europe;Italy;3266;38
01.12.2022;Europe;Italy;3266;49
01.01.2023;Europe;Italy;3266;57
01.02.2023;Europe;Italy;3266;70
01.03.2023;Europe;Italy;3266;52
01.04.2023;Europe;Italy;3266;63
01.05.2023;Europe;Italy;3266;60
01.06.2023;Europe;Italy;3266;60
01.07.2023;Europe;Italy;3266;75
01.08.2023;Europe;Italy;3266;57
01.09.2023;Europe;Italy;3266;74
01.10.2023;Europe;Italy;3266;70
01.11.2023;Europe;Italy;3266;65
01.12.2023;Europe;Italy;3266;64
01.01.2024;Europe;Italy;3266;74
01.02.2024;Europe;Italy;3266;74
01.03.2024;Europe;Italy;3266;59
01.04.2024;Europe;Italy;3266;78
01.05.2024;Europe;Italy;3266;81
01.10.2007;Europe;Poland;3647;67
01.11.2007;Europe;Poland;3647;59
01.12.2007;Europe;Poland;3647;104
01.01.2008;Europe;Poland;3647;105
01.02.2008;Europe;Poland;3647;113
01.03.2008;Europe;Poland;3647;117
01.04.2008;Europe;Poland;3647;62
01.05.2008;Europe;Poland;3647;115
01.06.2008;Europe;Poland;3647;26
01.07.2008;Europe;Poland;3647;160
01.08.2008;Europe;Poland;3647;77
01.09.2008;Europe;Poland;3647;100
01.10.2008;Europe;Poland;3647;120
01.11.2008;Europe;Poland;3647;82
01.12.2008;Europe;Poland;3647;120
01.01.2009;Europe;Poland;3647;117
01.02.2009;Europe;Poland;3647;146
01.03.2009;Europe;Poland;3647;155
01.04.2009;Europe;Poland;3647;94
01.05.2009;Europe;Poland;3647;96
01.06.2009;Europe;Poland;3647;79
01.07.2009;Europe;Poland;3647;122
01.08.2009;Europe;Poland;3647;26
01.09.2009;Europe;Poland;3647;156
01.10.2009;Europe;Poland;3647;56
01.11.2009;Europe;Poland;3647;29
01.12.2009;Europe;Poland;3647;85
01.01.2010;Europe;Poland;3647;117
01.02.2010;Europe;Poland;3647;149
01.03.2010;Europe;Poland;3647;122
01.04.2010;Europe;Poland;3647;98
01.05.2010;Europe;Poland;3647;116
01.06.2010;Europe;Poland;3647;61
01.07.2010;Europe;Poland;3647;142
01.08.2010;Europe;Poland;3647;38
01.09.2010;Europe;Poland;3647;121
01.10.2010;Europe;Poland;3647;105
01.11.2010;Europe;Poland;3647;28
01.12.2010;Europe;Poland;3647;119
01.01.2011;Europe;Poland;3647;114
01.02.2011;Europe;Poland;3647;128
01.03.2011;Europe;Poland;3647;114
01.04.2011;Europe;Poland;3647;79
01.05.2011;Europe;Poland;3647;96
01.06.2011;Europe;Poland;3647;79
01.07.2011;Europe;Poland;3647;119
01.08.2011;Europe;Poland;3647;64
01.09.2011;Europe;Poland;3647;137
01.10.2011;Europe;Poland;3647;85
01.11.2011;Europe;Poland;3647;62
01.12.2011;Europe;Poland;3647;118
01.01.2012;Europe;Poland;3647;117
01.02.2012;Europe;Poland;3647;146
01.03.2012;Europe;Poland;3647;120
01.04.2012;Europe;Poland;3647;77
01.05.2012;Europe;Poland;3647;115
01.06.2012;Europe;Poland;3647;77
01.07.2012;Europe;Poland;3647;102
01.08.2012;Europe;Poland;3647;60
01.09.2012;Europe;Poland;3647;118
01.10.2012;Europe;Poland;3647;102
01.11.2012;Europe;Poland;3647;81
01.12.2012;Europe;Poland;3647;102
01.01.2013;Europe;Poland;3647;107
01.02.2013;Europe;Poland;3647;107
01.03.2013;Europe;Poland;3647;152
01.04.2013;Europe;Poland;3647;97
01.05.2013;Europe;Poland;3647;130
01.06.2013;Europe;Poland;3647;41
01.07.2013;Europe;Poland;3647;196
01.08.2013;Europe;Poland;3647;42
01.09.2013;Europe;Poland;3647;140
01.10.2013;Europe;Poland;3647;87
01.11.2013;Europe;Poland;3647;84
01.12.2013;Europe;Poland;3647;124
01.01.2014;Europe;Poland;3647;105
01.02.2014;Europe;Poland;3647;163
01.03.2014;Europe;Poland;3647;133
01.04.2014;Europe;Poland;3647;75
01.05.2014;Europe;Poland;3647;110
01.06.2014;Europe;Poland;3647;74
01.07.2014;Europe;Poland;3647;118
01.08.2014;Europe;Poland;3647;76
01.09.2014;Europe;Poland;3647;120
01.10.2014;Europe;Poland;3647;129
01.11.2014;Europe;Poland;3647;104
01.12.2014;Europe;Poland;3647;117
01.01.2015;Europe;Poland;3647;106
01.02.2015;Europe;Poland;3647;144
01.03.2015;Europe;Poland;3647;131
01.04.2015;Europe;Poland;3647;81
01.05.2015;Europe;Poland;3647;95
01.06.2015;Europe;Poland;3647;58
01.07.2015;Europe;Poland;3647;138
01.08.2015;Europe;Poland;3647;114
01.09.2015;Europe;Poland;3647;123
01.10.2015;Europe;Poland;3647;104
01.11.2015;Europe;Poland;3647;115
01.12.2015;Europe;Poland;3647;123
01.01.2016;Europe;Poland;3647;116
01.02.2016;Europe;Poland;3647;147
01.03.2016;Europe;Poland;3647;137
01.04.2016;Europe;Poland;3647;117
01.05.2016;Europe;Poland;3647;132
01.06.2016;Europe;Poland;3647;78
01.07.2016;Europe;Poland;3647;120
01.08.2016;Europe;Poland;3647;53
01.09.2016;Europe;Poland;3647;122
01.10.2016;Europe;Poland;3647;124
01.11.2016;Europe;Poland;3647;82
01.12.2016;Europe;Poland;3647;137
01.01.2017;Europe;Poland;3647;126
01.02.2017;Europe;Poland;3647;130
01.03.2017;Europe;Poland;3647;48
01.04.2017;Europe;Poland;3647;108
01.05.2017;Europe;Poland;3647;115
01.06.2017;Europe;Poland;3647;39
01.07.2017;Europe;Poland;3647;134
01.08.2017;Europe;Poland;3647;84
01.09.2017;Europe;Poland;3647;120
01.10.2017;Europe;Poland;3647;87
01.11.2017;Europe;Poland;3647;85
01.12.2017;Europe;Poland;3647;99
01.01.2018;Europe;Poland;3647;141
01.02.2018;Europe;Poland;3647;118
01.03.2018;Europe;Poland;3647;90
01.04.2018;Europe;Poland;3647;118
01.05.2018;Europe;Poland;3647;114
01.06.2018;Europe;Poland;3647;77
01.07.2018;Europe;Poland;3647;115
01.08.2018;Europe;Poland;3647;104
01.09.2018;Europe;Poland;3647;103
01.10.2018;Europe;Poland;3647;141
01.11.2018;Europe;Poland;3647;63
01.12.2018;Europe;Poland;3647;120
01.01.2019;Europe;Poland;3647;119
01.02.2019;Europe;Poland;3647;131
01.03.2019;Europe;Poland;3647;161
01.04.2019;Europe;Poland;3647;143
01.05.2019;Europe;Poland;3647;152
01.06.2019;Europe;Poland;3647;89
01.07.2019;Europe;Poland;3647;118
01.08.2019;Europe;Poland;3647;94
01.09.2019;Europe;Poland;3647;142
01.10.2019;Europe;Poland;3647;35
01.11.2019;Europe;Poland;3647;63
01.12.2019;Europe;Poland;3647;140
01.01.2020;Europe;Poland;3647;123
01.02.2020;Europe;Poland;3647;123
01.03.2020;Europe;Poland;3647;103
01.04.2020;Europe;Poland;3647;114
01.05.2020;Europe;Poland;3647;148
01.06.2020;Europe;Poland;3647;97
01.07.2020;Europe;Poland;3647;97
01.08.2020;Europe;Poland;3647;94
01.09.2020;Europe;Poland;3647;122
01.10.2020;Europe;Poland;3647;102
01.11.2020;Europe;Poland;3647;52
01.12.2020;Europe;Poland;3647;123
01.01.2021;Europe;Poland;3647;117
01.02.2021;Europe;Poland;3647;140
01.03.2021;Europe;Poland;3647;126
01.04.2021;Europe;Poland;3647;129
01.05.2021;Europe;Poland;3647;111
01.06.2021;Europe;Poland;3647;39
01.07.2021;Europe;Poland;3647;151
01.08.2021;Europe;Poland;3647;99
01.09.2021;Europe;Poland;3647;123
01.10.2021;Europe;Poland;3647;101
01.11.2021;Europe;Poland;3647;75
01.12.2021;Europe;Poland;3647;79
01.01.2022;Europe;Poland;3647;104
01.02.2022;Europe;Poland;3647;129
01.03.2022;Europe;Poland;3647;138
01.04.2022;Europe;Poland;3647;133
01.05.2022;Europe;Poland;3647;147
01.06.2022;Europe;Poland;3647;62
01.07.2022;Europe;Poland;3647;153
01.08.2022;Europe;Poland;3647;80
01.09.2022;Europe;Poland;3647;154
01.10.2022;Europe;Poland;3647;123
01.11.2022;Europe;Poland;3647;86
01.12.2022;Europe;Poland;3647;116
01.01.2023;Europe;Poland;3647;140
01.02.2023;Europe;Poland;3647;111
01.03.2023;Europe;Poland;3647;76
01.04.2023;Europe;Poland;3647;132
01.05.2023;Europe;Poland;3647;146
01.06.2023;Europe;Poland;3647;41
01.07.2023;Europe;Poland;3647;143
01.08.2023;Europe;Poland;3647;67
01.09.2023;Europe;Poland;3647;122
01.10.2023;Europe;Poland;3647;87
01.11.2023;Europe;Poland;3647;98
01.12.2023;Europe;Poland;3647;112
01.01.2024;Europe;Poland;3647;115
01.02.2024;Europe;Poland;3647;103
01.03.2024;Europe;Poland;3647;115
01.04.2024;Europe;Poland;3647;109
01.05.2024;Europe;Poland;3647;103
01.10.2007;Europe;Austria;2704;97
01.11.2007;Europe;Austria;2704;93
01.12.2007;Europe;Austria;2704;90
01.01.2008;Europe;Austria;2704;112
01.02.2008;Europe;Austria;2704;85
01.03.2008;Europe;Austria;2704;98
01.04.2008;Europe;Austria;2704;98
01.05.2008;Europe;Austria;2704;103
01.06.2008;Europe;Austria;2704;107
01.07.2008;Europe;Austria;2704;96
01.08.2008;Europe;Austria;2704;103
01.09.2008;Europe;Austria;2704;102
01.10.2008;Europe;Austria;2704;92
01.11.2008;Europe;Austria;2704;89
01.12.2008;Europe;Austria;2704;83
01.01.2009;Europe;Austria;2704;114
01.02.2009;Europe;Austria;2704;85
01.03.2009;Europe;Austria;2704;92
01.04.2009;Europe;Austria;2704;102
01.05.2009;Europe;Austria;2704;100
01.06.2009;Europe;Austria;2704;105
01.07.2009;Europe;Austria;2704;97
01.08.2009;Europe;Austria;2704;100
01.09.2009;Europe;Austria;2704;100
01.10.2009;Europe;Austria;2704;97
01.11.2009;Europe;Austria;2704;94
01.12.2009;Europe;Austria;2704;83
01.01.2010;Europe;Austria;2704;110
01.02.2010;Europe;Austria;2704;82
01.03.2010;Europe;Austria;2704;86
01.04.2010;Europe;Austria;2704;105
01.05.2010;Europe;Austria;2704;104
01.06.2010;Europe;Austria;2704;104
01.07.2010;Europe;Austria;2704;105
01.08.2010;Europe;Austria;2704;104
01.09.2010;Europe;Austria;2704;110
01.10.2010;Europe;Austria;2704;105
01.11.2010;Europe;Austria;2704;96
01.12.2010;Europe;Austria;2704;90
01.01.2011;Europe;Austria;2704;118
01.02.2011;Europe;Austria;2704;86
01.03.2011;Europe;Austria;2704;104
01.04.2011;Europe;Austria;2704;114
01.05.2011;Europe;Austria;2704;125
01.06.2011;Europe;Austria;2704;114
01.07.2011;Europe;Austria;2704;116
01.08.2011;Europe;Austria;2704;119
01.09.2011;Europe;Austria;2704;117
01.10.2011;Europe;Austria;2704;120
01.11.2011;Europe;Austria;2704;111
01.12.2011;Europe;Austria;2704;102
01.01.2012;Europe;Austria;2704;130
01.02.2012;Europe;Austria;2704;99
01.03.2012;Europe;Austria;2704;105
01.04.2012;Europe;Austria;2704;112
01.05.2012;Europe;Austria;2704;117
01.06.2012;Europe;Austria;2704;122
01.07.2012;Europe;Austria;2704;114
01.08.2012;Europe;Austria;2704;118
01.09.2012;Europe;Austria;2704;117
01.10.2012;Europe;Austria;2704;112
01.11.2012;Europe;Austria;2704;107
01.12.2012;Europe;Austria;2704;103
01.01.2013;Europe;Austria;2704;135
01.02.2013;Europe;Austria;2704;105
01.03.2013;Europe;Austria;2704;118
01.04.2013;Europe;Austria;2704;121
01.05.2013;Europe;Austria;2704;123
01.06.2013;Europe;Austria;2704;125
01.07.2013;Europe;Austria;2704;124
01.08.2013;Europe;Austria;2704;123
01.09.2013;Europe;Austria;2704;121
01.10.2013;Europe;Austria;2704;118
01.11.2013;Europe;Austria;2704;113
01.12.2013;Europe;Austria;2704;110
01.01.2014;Europe;Austria;2704;134
01.02.2014;Europe;Austria;2704;113
01.03.2014;Europe;Austria;2704;121
01.04.2014;Europe;Austria;2704;123
01.05.2014;Europe;Austria;2704;131
01.06.2014;Europe;Austria;2704;134
01.07.2014;Europe;Austria;2704;125
01.08.2014;Europe;Austria;2704;125
01.09.2014;Europe;Austria;2704;123
01.10.2014;Europe;Austria;2704;123
01.11.2014;Europe;Austria;2704;115
01.12.2014;Europe;Austria;2704;111
01.01.2015;Europe;Austria;2704;134
01.02.2015;Europe;Austria;2704;113
01.03.2015;Europe;Austria;2704;118
01.04.2015;Europe;Austria;2704;123
01.05.2015;Europe;Austria;2704;137
01.06.2015;Europe;Austria;2704;127
01.07.2015;Europe;Austria;2704;122
01.08.2015;Europe;Austria;2704;123
01.09.2015;Europe;Austria;2704;124
01.10.2015;Europe;Austria;2704;122
01.11.2015;Europe;Austria;2704;118
01.12.2015;Europe;Austria;2704;108
01.01.2016;Europe;Austria;2704;137
01.02.2016;Europe;Austria;2704;110
01.03.2016;Europe;Austria;2704;119
01.04.2016;Europe;Austria;2704;123
01.05.2016;Europe;Austria;2704;124
01.06.2016;Europe;Austria;2704;129
01.07.2016;Europe;Austria;2704;123
01.08.2016;Europe;Austria;2704;124
01.09.2016;Europe;Austria;2704;130
01.10.2016;Europe;Austria;2704;119
01.11.2016;Europe;Austria;2704;115
01.12.2016;Europe;Austria;2704;110
01.01.2017;Europe;Austria;2704;138
01.02.2017;Europe;Austria;2704;109
01.03.2017;Europe;Austria;2704;107
01.04.2017;Europe;Austria;2704;118
01.05.2017;Europe;Austria;2704;136
01.06.2017;Europe;Austria;2704;134
01.07.2017;Europe;Austria;2704;132
01.08.2017;Europe;Austria;2704;134
01.09.2017;Europe;Austria;2704;134
01.10.2017;Europe;Austria;2704;134
01.11.2017;Europe;Austria;2704;124
01.12.2017;Europe;Austria;2704;118
01.01.2018;Europe;Austria;2704;143
01.02.2018;Europe;Austria;2704;121
01.03.2018;Europe;Austria;2704;114
01.04.2018;Europe;Austria;2704;136
01.05.2018;Europe;Austria;2704;139
01.06.2018;Europe;Austria;2704;131
01.07.2018;Europe;Austria;2704;128
01.08.2018;Europe;Austria;2704;114
01.09.2018;Europe;Austria;2704;124
01.10.2018;Europe;Austria;2704;120
01.11.2018;Europe;Austria;2704;111
01.12.2018;Europe;Austria;2704;102
01.01.2019;Europe;Austria;2704;134
01.02.2019;Europe;Austria;2704;102
01.03.2019;Europe;Austria;2704;116
01.04.2019;Europe;Austria;2704;118
01.05.2019;Europe;Austria;2704;130
01.06.2019;Europe;Austria;2704;130
01.07.2019;Europe;Austria;2704;133
01.08.2019;Europe;Austria;2704;131
01.09.2019;Europe;Austria;2704;132
01.10.2019;Europe;Austria;2704;128
01.11.2019;Europe;Austria;2704;126
01.12.2019;Europe;Austria;2704;119
01.01.2020;Europe;Austria;2704;140
01.02.2020;Europe;Austria;2704;122
01.03.2020;Europe;Austria;2704;122
01.04.2020;Europe;Austria;2704;131
01.05.2020;Europe;Austria;2704;132
01.06.2020;Europe;Austria;2704;138
01.07.2020;Europe;Austria;2704;137
01.08.2020;Europe;Austria;2704;127
01.09.2020;Europe;Austria;2704;135
01.10.2020;Europe;Austria;2704;133
01.11.2020;Europe;Austria;2704;129
01.12.2020;Europe;Austria;2704;122
01.01.2021;Europe;Austria;2704;147
01.02.2021;Europe;Austria;2704;121
01.03.2021;Europe;Austria;2704;123
01.04.2021;Europe;Austria;2704;129
01.05.2021;Europe;Austria;2704;128
01.06.2021;Europe;Austria;2704;132
01.07.2021;Europe;Austria;2704;128
01.08.2021;Europe;Austria;2704;136
01.09.2021;Europe;Austria;2704;129
01.10.2021;Europe;Austria;2704;126
01.11.2021;Europe;Austria;2704;123
01.12.2021;Europe;Austria;2704;118
01.01.2022;Europe;Austria;2704;144
01.02.2022;Europe;Austria;2704;109
01.03.2022;Europe;Austria;2704;114
01.04.2022;Europe;Austria;2704;131
01.05.2022;Europe;Austria;2704;135
01.06.2022;Europe;Austria;2704;134
01.07.2022;Europe;Austria;2704;127
01.08.2022;Europe;Austria;2704;135
01.09.2022;Europe;Austria;2704;128
01.10.2022;Europe;Austria;2704;122
01.11.2022;Europe;Austria;2704;125
01.12.2022;Europe;Austria;2704;113
01.01.2023;Europe;Austria;2704;136
01.02.2023;Europe;Austria;2704;106
01.03.2023;Europe;Austria;2704;112
01.04.2023;Europe;Austria;2704;125
01.05.2023;Europe;Austria;2704;127
01.06.2023;Europe;Austria;2704;124
01.07.2023;Europe;Austria;2704;127
01.08.2023;Europe;Austria;2704;132
01.09.2023;Europe;Austria;2704;129
01.10.2023;Europe;Austria;2704;116
01.11.2023;Europe;Austria;2704;126
01.12.2023;Europe;Austria;2704;114
01.01.2024;Europe;Austria;2704;141
01.02.2024;Europe;Austria;2704;115
01.03.2024;Europe;Austria;2704;113
01.04.2024;Europe;Austria;2704;124
01.05.2024;Europe;Austria;2704;118
01.03.2016;Europe;France;2662;10
01.04.2016;Europe;France;2662;10
01.05.2016;Europe;France;2662;16
01.06.2016;Europe;France;2662;16
01.07.2016;Europe;France;2662;14
01.08.2016;Europe;France;2662;16
01.09.2016;Europe;France;2662;14
01.10.2016;Europe;France;2662;11
01.11.2016;Europe;France;2662;15
01.12.2016;Europe;France;2662;9
01.01.2017;Europe;France;2662;14
01.02.2017;Europe;France;2662;14
01.03.2017;Europe;France;2662;14
01.04.2017;Europe;France;2662;10
01.05.2017;Europe;France;2662;17
01.06.2017;Europe;France;2662;15
01.07.2017;Europe;France;2662;17
01.08.2017;Europe;France;2662;14
01.09.2017;Europe;France;2662;14
01.10.2017;Europe;France;2662;17
01.11.2017;Europe;France;2662;17
01.12.2017;Europe;France;2662;9
01.01.2018;Europe;France;2662;13
01.02.2018;Europe;France;2662;14
01.03.2018;Europe;France;2662;13
01.04.2018;Europe;France;2662;10
01.05.2018;Europe;France;2662;15
01.06.2018;Europe;France;2662;17
01.07.2018;Europe;France;2662;15
01.08.2018;Europe;France;2662;14
01.09.2018;Europe;France;2662;12
01.10.2018;Europe;France;2662;14
01.11.2018;Europe;France;2662;18
01.12.2018;Europe;France;2662;11
01.01.2019;Europe;France;2662;11
01.02.2019;Europe;France;2662;15
01.03.2019;Europe;France;2662;13
01.04.2019;Europe;France;2662;13
01.05.2019;Europe;France;2662;17
01.06.2019;Europe;France;2662;14
01.07.2019;Europe;France;2662;12
01.08.2019;Europe;France;2662;14
01.09.2019;Europe;France;2662;10
01.10.2019;Europe;France;2662;16
01.11.2019;Europe;France;2662;18
01.12.2019;Europe;France;2662;10
01.01.2020;Europe;France;2662;14
01.02.2020;Europe;France;2662;14
01.03.2020;Europe;France;2662;12
01.04.2020;Europe;France;2662;9
01.05.2020;Europe;France;2662;14
01.06.2020;Europe;France;2662;11
01.07.2020;Europe;France;2662;14
01.08.2020;Europe;France;2662;13
01.09.2020;Europe;France;2662;8
01.10.2020;Europe;France;2662;10
01.11.2020;Europe;France;2662;12
01.12.2020;Europe;France;2662;10
01.01.2021;Europe;France;2662;10
01.02.2021;Europe;France;2662;12
01.03.2021;Europe;France;2662;9
01.04.2021;Europe;France;2662;6
01.05.2021;Europe;France;2662;9
01.06.2021;Europe;France;2662;11
01.07.2021;Europe;France;2662;10
01.08.2021;Europe;France;2662;9
01.09.2021;Europe;France;2662;7
01.10.2021;Europe;France;2662;11
01.11.2021;Europe;France;2662;13
01.12.2021;Europe;France;2662;5
01.01.2022;Europe;France;2662;10
01.02.2022;Europe;France;2662;8
01.03.2022;Europe;France;2662;9
01.04.2022;Europe;France;2662;6
01.05.2022;Europe;France;2662;9
01.06.2022;Europe;France;2662;10
01.07.2022;Europe;France;2662;10
01.08.2022;Europe;France;2662;11
01.09.2022;Europe;France;2662;6
01.10.2022;Europe;France;2662;6
01.11.2022;Europe;France;2662;11
01.12.2022;Europe;France;2662;4
01.01.2023;Europe;France;2662;7
01.02.2023;Europe;France;2662;6
01.03.2023;Europe;France;2662;7
01.04.2023;Europe;France;2662;6
01.05.2023;Europe;France;2662;10
01.06.2023;Europe;France;2662;11
01.07.2023;Europe;France;2662;8
01.08.2023;Europe;France;2662;11
01.09.2023;Europe;France;2662;8
01.10.2023;Europe;France;2662;6
01.11.2023;Europe;France;2662;10
01.12.2023;Europe;France;2662;3
01.01.2024;Europe;France;2662;10
01.02.2024;Europe;France;2662;7
01.03.2024;Europe;France;2662;6
01.04.2024;Europe;France;2662;1
01.05.2024;Europe;France;2662;7
01.03.2016;Europe;Germany;7206;141
01.04.2016;Europe;Germany;7206;154
01.05.2016;Europe;Germany;7206;148
01.06.2016;Europe;Germany;7206;148
01.07.2016;Europe;Germany;7206;139
01.08.2016;Europe;Germany;7206;134
01.09.2016;Europe;Germany;7206;145
01.10.2016;Europe;Germany;7206;155
01.11.2016;Europe;Germany;7206;150
01.12.2016;Europe;Germany;7206;134
01.01.2017;Europe;Germany;7206;138
01.02.2017;Europe;Germany;7206;138
01.03.2017;Europe;Germany;7206;142
01.04.2017;Europe;Germany;7206;145
01.05.2017;Europe;Germany;7206;142
01.06.2017;Europe;Germany;7206;148
01.07.2017;Europe;Germany;7206;133
01.08.2017;Europe;Germany;7206;142
01.09.2017;Europe;Germany;7206;145
01.10.2017;Europe;Germany;7206;148
01.11.2017;Europe;Germany;7206;149
01.12.2017;Europe;Germany;7206;131
01.01.2018;Europe;Germany;7206;137
01.02.2018;Europe;Germany;7206;132
01.03.2018;Europe;Germany;7206;137
01.04.2018;Europe;Germany;7206;144
01.05.2018;Europe;Germany;7206;138
01.06.2018;Europe;Germany;7206;140
01.07.2018;Europe;Germany;7206;134
01.08.2018;Europe;Germany;7206;135
01.09.2018;Europe;Germany;7206;130
01.10.2018;Europe;Germany;7206;146
01.11.2018;Europe;Germany;7206;135
01.12.2018;Europe;Germany;7206;129
01.01.2019;Europe;Germany;7206;134
01.02.2019;Europe;Germany;7206;129
01.03.2019;Europe;Germany;7206;138
01.04.2019;Europe;Germany;7206;142
01.05.2019;Europe;Germany;7206;137
01.06.2019;Europe;Germany;7206;143
01.07.2019;Europe;Germany;7206;134
01.08.2019;Europe;Germany;7206;126
01.09.2019;Europe;Germany;7206;138
01.10.2019;Europe;Germany;7206;148
01.11.2019;Europe;Germany;7206;135
01.12.2019;Europe;Germany;7206;123
01.01.2020;Europe;Germany;7206;121
01.02.2020;Europe;Germany;7206;136
01.03.2020;Europe;Germany;7206;133
01.04.2020;Europe;Germany;7206;139
01.05.2020;Europe;Germany;7206;128
01.06.2020;Europe;Germany;7206;130
01.07.2020;Europe;Germany;7206;125
01.08.2020;Europe;Germany;7206;120
01.09.2020;Europe;Germany;7206;133
01.10.2020;Europe;Germany;7206;139
01.11.2020;Europe;Germany;7206;141
01.12.2020;Europe;Germany;7206;129
01.01.2021;Europe;Germany;7206;135
01.02.2021;Europe;Germany;7206;132
01.03.2021;Europe;Germany;7206;139
01.04.2021;Europe;Germany;7206;147
01.05.2021;Europe;Germany;7206;134
01.06.2021;Europe;Germany;7206;142
01.07.2021;Europe;Germany;7206;134
01.08.2021;Europe;Germany;7206;130
01.09.2021;Europe;Germany;7206;135
01.10.2021;Europe;Germany;7206;149
01.11.2021;Europe;Germany;7206;138
01.12.2021;Europe;Germany;7206;131
01.01.2022;Europe;Germany;7206;136
01.02.2022;Europe;Germany;7206;123
01.03.2022;Europe;Germany;7206;135
01.04.2022;Europe;Germany;7206;130
01.05.2022;Europe;Germany;7206;130
01.06.2022;Europe;Germany;7206;122
01.07.2022;Europe;Germany;7206;115
01.08.2022;Europe;Germany;7206;110
01.09.2022;Europe;Germany;7206;119
01.10.2022;Europe;Germany;7206;119
01.11.2022;Europe;Germany;7206;118
01.12.2022;Europe;Germany;7206;113
01.01.2023;Europe;Germany;7206;114
01.02.2023;Europe;Germany;7206;111
01.03.2023;Europe;Germany;7206;117
01.04.2023;Europe;Germany;7206;129
01.05.2023;Europe;Germany;7206;125
01.06.2023;Europe;Germany;7206;125
01.07.2023;Europe;Germany;7206;113
01.08.2023;Europe;Germany;7206;115
01.09.2023;Europe;Germany;7206;122
01.10.2023;Europe;Germany;7206;127
01.11.2023;Europe;Germany;7206;123
01.12.2023;Europe;Germany;7206;110
01.01.2024;Europe;Germany;7206;111
01.02.2024;Europe;Germany;7206;94
01.03.2024;Europe;Germany;7206;107
01.04.2024;Europe;Germany;7206;113
01.05.2024;Europe;Germany;7206;111
01.03.2016;North America;USA;7939;95
01.04.2016;North America;USA;7939;90
01.05.2016;North America;USA;7939;111
01.06.2016;North America;USA;7939;96
01.07.2016;North America;USA;7939;110
01.08.2016;North America;USA;7939;101
01.09.2016;North America;USA;7939;91
01.10.2016;North America;USA;7939;94
01.11.2016;North America;USA;7939;93
01.12.2016;North America;USA;7939;90
01.01.2017;North America;USA;7939;101
01.02.2017;North America;USA;7939;97
01.03.2017;North America;USA;7939;97
01.04.2017;North America;USA;7939;92
01.05.2017;North America;USA;7939;105
01.06.2017;North America;USA;7939;98
01.07.2017;North America;USA;7939;101
01.08.2017;North America;USA;7939;96
01.09.2017;North America;USA;7939;94
01.10.2017;North America;USA;7939;92
01.11.2017;North America;USA;7939;98
01.12.2017;North America;USA;7939;94
01.01.2018;North America;USA;7939;95
01.02.2018;North America;USA;7939;106
01.03.2018;North America;USA;7939;98
01.04.2018;North America;USA;7939;93
01.05.2018;North America;USA;7939;107
01.06.2018;North America;USA;7939;98
01.07.2018;North America;USA;7939;107
01.08.2018;North America;USA;7939;105
01.09.2018;North America;USA;7939;102
01.10.2018;North America;USA;7939;90
01.11.2018;North America;USA;7939;102
01.12.2018;North America;USA;7939;97
01.01.2019;North America;USA;7939;107
01.02.2019;North America;USA;7939;100
01.03.2019;North America;USA;7939;103
01.04.2019;North America;USA;7939;99
01.05.2019;North America;USA;7939;105
01.06.2019;North America;USA;7939;96
01.07.2019;North America;USA;7939;110
01.08.2019;North America;USA;7939;97
01.09.2019;North America;USA;7939;98
01.10.2019;North America;USA;7939;92
01.11.2019;North America;USA;7939;94
01.12.2019;North America;USA;7939;90
01.01.2020;North America;USA;7939;105
01.02.2020;North America;USA;7939;98
01.03.2020;North America;USA;7939;99
01.04.2020;North America;USA;7939;88
01.05.2020;North America;USA;7939;112
01.06.2020;North America;USA;7939;102
01.07.2020;North America;USA;7939;101
01.08.2020;North America;USA;7939;90
01.09.2020;North America;USA;7939;88
01.10.2020;North America;USA;7939;88
01.11.2020;North America;USA;7939;99
01.12.2020;North America;USA;7939;88
01.01.2021;North America;USA;7939;94
01.02.2021;North America;USA;7939;100
01.03.2021;North America;USA;7939;103
01.04.2021;North America;USA;7939;88
01.05.2021;North America;USA;7939;107
01.06.2021;North America;USA;7939;105
01.07.2021;North America;USA;7939;109
01.08.2021;North America;USA;7939;95
01.09.2021;North America;USA;7939;92
01.10.2021;North America;USA;7939;94
01.11.2021;North America;USA;7939;100
01.12.2021;North America;USA;7939;99
01.01.2022;North America;USA;7939;103
01.02.2022;North America;USA;7939;99
01.03.2022;North America;USA;7939;108
01.04.2022;North America;USA;7939;93
01.05.2022;North America;USA;7939;106
01.06.2022;North America;USA;7939;101
01.07.2022;North America;USA;7939;102
01.08.2022;North America;USA;7939;94
01.09.2022;North America;USA;7939;97
01.10.2022;North America;USA;7939;81
01.11.2022;North America;USA;7939;102
01.12.2022;North America;USA;7939;86
01.01.2023;North America;USA;7939;102
01.02.2023;North America;USA;7939;98
01.03.2023;North America;USA;7939;95
01.04.2023;North America;USA;7939;94
01.05.2023;North America;USA;7939;103
01.06.2023;North America;USA;7939;96
01.07.2023;North America;USA;7939;102
01.08.2023;North America;USA;7939;99
01.09.2023;North America;USA;7939;89
01.10.2023;North America;USA;7939;90
01.11.2023;North America;USA;7939;101
01.12.2023;North America;USA;7939;85
01.01.2024;North America;USA;7939;97
01.02.2024;North America;USA;7939;104
01.03.2024;North America;USA;7939;97
01.04.2024;North America;USA;7939;89
01.05.2024;North America;USA;7939;104
01.03.2016;Europe;Spain;8618;38
01.04.2016;Europe;Spain;8618;30
01.05.2016;Europe;Spain;8618;36
01.06.2016;Europe;Spain;8618;27
01.07.2016;Europe;Spain;8618;34
01.08.2016;Europe;Spain;8618;33
01.09.2016;Europe;Spain;8618;34
01.10.2016;Europe;Spain;8618;34
01.11.2016;Europe;Spain;8618;34
01.12.2016;Europe;Spain;8618;27
01.01.2017;Europe;Spain;8618;36
01.02.2017;Europe;Spain;8618;32
01.03.2017;Europe;Spain;8618;34
01.04.2017;Europe;Spain;8618;20
01.05.2017;Europe;Spain;8618;34
01.06.2017;Europe;Spain;8618;36
01.07.2017;Europe;Spain;8618;41
01.08.2017;Europe;Spain;8618;42
01.09.2017;Europe;Spain;8618;39
01.10.2017;Europe;Spain;8618;38
01.11.2017;Europe;Spain;8618;33
01.12.2017;Europe;Spain;8618;32
01.01.2018;Europe;Spain;8618;42
01.02.2018;Europe;Spain;8618;44
01.03.2018;Europe;Spain;8618;37
01.04.2018;Europe;Spain;8618;34
01.05.2018;Europe;Spain;8618;42
01.06.2018;Europe;Spain;8618;38
01.07.2018;Europe;Spain;8618;42
01.08.2018;Europe;Spain;8618;44
01.09.2018;Europe;Spain;8618;41
01.10.2018;Europe;Spain;8618;48
01.11.2018;Europe;Spain;8618;40
01.12.2018;Europe;Spain;8618;42
01.01.2019;Europe;Spain;8618;42
01.02.2019;Europe;Spain;8618;36
01.03.2019;Europe;Spain;8618;43
01.04.2019;Europe;Spain;8618;37
01.05.2019;Europe;Spain;8618;42
01.06.2019;Europe;Spain;8618;37
01.07.2019;Europe;Spain;8618;46
01.08.2019;Europe;Spain;8618;46
01.09.2019;Europe;Spain;8618;40
01.10.2019;Europe;Spain;8618;41
01.11.2019;Europe;Spain;8618;37
01.12.2019;Europe;Spain;8618;42
01.01.2020;Europe;Spain;8618;42
01.02.2020;Europe;Spain;8618;50
01.03.2020;Europe;Spain;8618;44
01.04.2020;Europe;Spain;8618;45
01.05.2020;Europe;Spain;8618;45
01.06.2020;Europe;Spain;8618;39
01.07.2020;Europe;Spain;8618;41
01.08.2020;Europe;Spain;8618;40
01.09.2020;Europe;Spain;8618;39
01.10.2020;Europe;Spain;8618;46
01.11.2020;Europe;Spain;8618;40
01.12.2020;Europe;Spain;8618;35
01.01.2021;Europe;Spain;8618;45
01.02.2021;Europe;Spain;8618;44
01.03.2021;Europe;Spain;8618;46
01.04.2021;Europe;Spain;8618;38
01.05.2021;Europe;Spain;8618;42
01.06.2021;Europe;Spain;8618;37
01.07.2021;Europe;Spain;8618;38
01.08.2021;Europe;Spain;8618;42
01.09.2021;Europe;Spain;8618;43
01.10.2021;Europe;Spain;8618;44
01.11.2021;Europe;Spain;8618;38
01.12.2021;Europe;Spain;8618;44
01.01.2022;Europe;Spain;8618;47
01.02.2022;Europe;Spain;8618;54
01.03.2022;Europe;Spain;8618;55
01.04.2022;Europe;Spain;8618;46
01.05.2022;Europe;Spain;8618;46
01.06.2022;Europe;Spain;8618;43
01.07.2022;Europe;Spain;8618;47
01.08.2022;Europe;Spain;8618;48
01.09.2022;Europe;Spain;8618;48
01.10.2022;Europe;Spain;8618;50
01.11.2022;Europe;Spain;8618;46
01.12.2022;Europe;Spain;8618;42
01.01.2023;Europe;Spain;8618;51
01.02.2023;Europe;Spain;8618;52
01.03.2023;Europe;Spain;8618;51
01.04.2023;Europe;Spain;8618;38
01.05.2023;Europe;Spain;8618;49
01.06.2023;Europe;Spain;8618;42
01.07.2023;Europe;Spain;8618;46
01.08.2023;Europe;Spain;8618;50
01.09.2023;Europe;Spain;8618;49
01.10.2023;Europe;Spain;8618;52
01.11.2023;Europe;Spain;8618;44
01.12.2023;Europe;Spain;8618;49
01.01.2024;Europe;Spain;8618;53
01.02.2024;Europe;Spain;8618;64
01.03.2024;Europe;Spain;8618;54
01.04.2024;Europe;Spain;8618;51
01.05.2024;Europe;Spain;8618;58
01.10.2007;Global;Global;Global;7762
01.11.2007;Global;Global;Global;7408
01.12.2007;Global;Global;Global;5656
01.01.2008;Global;Global;Global;7463
01.02.2008;Global;Global;Global;8169
01.03.2008;Global;Global;Global;9058
01.04.2008;Global;Global;Global;9529
01.05.2008;Global;Global;Global;8896
01.06.2008;Global;Global;Global;8282
01.07.2008;Global;Global;Global;9678
01.08.2008;Global;Global;Global;8140
01.09.2008;Global;Global;Global;8648
01.10.2008;Global;Global;Global;8577
01.11.2008;Global;Global;Global;7903
01.12.2008;Global;Global;Global;6248
01.01.2009;Global;Global;Global;7981
01.02.2009;Global;Global;Global;8531
01.03.2009;Global;Global;Global;8128
01.04.2009;Global;Global;Global;9145
01.05.2009;Global;Global;Global;7792
01.06.2009;Global;Global;Global;7963
01.07.2009;Global;Global;Global;9078
01.08.2009;Global;Global;Global;7549
01.09.2009;Global;Global;Global;8687
01.10.2009;Global;Global;Global;8376
01.11.2009;Global;Global;Global;7283
01.12.2009;Global;Global;Global;6558
01.01.2010;Global;Global;Global;8015
01.02.2010;Global;Global;Global;7836
01.03.2010;Global;Global;Global;7474
01.04.2010;Global;Global;Global;8491
01.05.2010;Global;Global;Global;7209
01.06.2010;Global;Global;Global;7537
01.07.2010;Global;Global;Global;8967
01.08.2010;Global;Global;Global;7753
01.09.2010;Global;Global;Global;8004
01.10.2010;Global;Global;Global;8729
01.11.2010;Global;Global;Global;8281
01.12.2010;Global;Global;Global;7143
01.01.2011;Global;Global;Global;9084
01.02.2011;Global;Global;Global;9719
01.03.2011;Global;Global;Global;10160
01.04.2011;Global;Global;Global;10464
01.05.2011;Global;Global;Global;10574
01.06.2011;Global;Global;Global;10762
01.07.2011;Global;Global;Global;11368
01.08.2011;Global;Global;Global;10662
01.09.2011;Global;Global;Global;11102
01.10.2011;Global;Global;Global;11331
01.11.2011;Global;Global;Global;10447
01.12.2011;Global;Global;Global;9418
01.01.2012;Global;Global;Global;11048
01.02.2012;Global;Global;Global;11676
01.03.2012;Global;Global;Global;12063
01.04.2012;Global;Global;Global;12135
01.05.2012;Global;Global;Global;11313
01.06.2012;Global;Global;Global;11702
01.07.2012;Global;Global;Global;12352
01.08.2012;Global;Global;Global;11455
01.09.2012;Global;Global;Global;11920
01.10.2012;Global;Global;Global;11068
01.11.2012;Global;Global;Global;11276
01.12.2012;Global;Global;Global;9984
01.01.2013;Global;Global;Global;11472
01.02.2013;Global;Global;Global;11986
01.03.2013;Global;Global;Global;11766
01.04.2013;Global;Global;Global;13065
01.05.2013;Global;Global;Global;11578
01.06.2013;Global;Global;Global;11960
01.07.2013;Global;Global;Global;12694
01.08.2013;Global;Global;Global;11432
01.09.2013;Global;Global;Global;12092
01.10.2013;Global;Global;Global;12786
01.11.2013;Global;Global;Global;11319
01.12.2013;Global;Global;Global;9698
01.01.2014;Global;Global;Global;11623
01.02.2014;Global;Global;Global;12289
01.03.2014;Global;Global;Global;12987
01.04.2014;Global;Global;Global;12579
01.05.2014;Global;Global;Global;12644
01.06.2014;Global;Global;Global;11948
01.07.2014;Global;Global;Global;12968
01.08.2014;Global;Global;Global;12706
01.09.2014;Global;Global;Global;12387
01.10.2014;Global;Global;Global;11968
01.11.2014;Global;Global;Global;11731
01.12.2014;Global;Global;Global;10032
01.01.2015;Global;Global;Global;12237
01.02.2015;Global;Global;Global;12551
01.03.2015;Global;Global;Global;12646
01.04.2015;Global;Global;Global;13276
01.05.2015;Global;Global;Global;12303
01.06.2015;Global;Global;Global;12427
01.07.2015;Global;Global;Global;13205
01.08.2015;Global;Global;Global;12209
01.09.2015;Global;Global;Global;12472
01.10.2015;Global;Global;Global;12860
01.11.2015;Global;Global;Global;11961
01.12.2015;Global;Global;Global;10420
01.01.2016;Global;Global;Global;12547
01.02.2016;Global;Global;Global;12974
01.03.2016;Global;Global;Global;14339
01.04.2016;Global;Global;Global;15060
01.05.2016;Global;Global;Global;14201
01.06.2016;Global;Global;Global;14058
01.07.2016;Global;Global;Global;15172
01.08.2016;Global;Global;Global;14441
01.09.2016;Global;Global;Global;14681
01.10.2016;Global;Global;Global;14336
01.11.2016;Global;Global;Global;13901
01.12.2016;Global;Global;Global;12158
01.01.2017;Global;Global;Global;13943
01.02.2017;Global;Global;Global;15442
01.03.2017;Global;Global;Global;14933
01.04.2017;Global;Global;Global;16201
01.05.2017;Global;Global;Global;15007
01.06.2017;Global;Global;Global;15226
01.07.2017;Global;Global;Global;16168
01.08.2017;Global;Global;Global;15230
01.09.2017;Global;Global;Global;15304
01.10.2017;Global;Global;Global;16258
01.11.2017;Global;Global;Global;14919
01.12.2017;Global;Global;Global;12708
01.01.2018;Global;Global;Global;15247
01.02.2018;Global;Global;Global;15621
01.03.2018;Global;Global;Global;15084
01.04.2018;Global;Global;Global;16523
01.05.2018;Global;Global;Global;15555
01.06.2018;Global;Global;Global;15865
01.07.2018;Global;Global;Global;16614
01.08.2018;Global;Global;Global;16116
01.09.2018;Global;Global;Global;16003
01.10.2018;Global;Global;Global;16170
01.11.2018;Global;Global;Global;15543
01.12.2018;Global;Global;Global;14000
01.01.2019;Global;Global;Global;15027
01.02.2019;Global;Global;Global;16238
01.03.2019;Global;Global;Global;16246
01.04.2019;Global;Global;Global;17158
01.05.2019;Global;Global;Global;16108
01.06.2019;Global;Global;Global;16562
01.07.2019;Global;Global;Global;16453
01.08.2019;Global;Global;Global;15479
01.09.2019;Global;Global;Global;16346
01.10.2019;Global;Global;Global;15942
01.11.2019;Global;Global;Global;15666
01.12.2019;Global;Global;Global;13688
01.01.2020;Global;Global;Global;14876
01.02.2020;Global;Global;Global;15690
01.03.2020;Global;Global;Global;16098
01.04.2020;Global;Global;Global;16645
01.05.2020;Global;Global;Global;15569
01.06.2020;Global;Global;Global;15385
01.07.2020;Global;Global;Global;15427
01.08.2020;Global;Global;Global;15037
01.09.2020;Global;Global;Global;15198
01.10.2020;Global;Global;Global;15484
01.11.2020;Global;Global;Global;14580
01.12.2020;Global;Global;Global;12562
01.01.2021;Global;Global;Global;14897
01.02.2021;Global;Global;Global;15620
01.03.2021;Global;Global;Global;15598
01.04.2021;Global;Global;Global;16733
01.05.2021;Global;Global;Global;14982
01.06.2021;Global;Global;Global;14935
01.07.2021;Global;Global;Global;15769
01.08.2021;Global;Global;Global;14655
01.09.2021;Global;Global;Global;15115
01.10.2021;Global;Global;Global;15187
01.11.2021;Global;Global;Global;15547
01.12.2021;Global;Global;Global;13021
01.01.2022;Global;Global;Global;15283
01.02.2022;Global;Global;Global;15446
01.03.2022;Global;Global;Global;15838
01.04.2022;Global;Global;Global;16707
01.05.2022;Global;Global;Global;16183
01.06.2022;Global;Global;Global;16467
01.07.2022;Global;Global;Global;17166
01.08.2022;Global;Global;Global;16252
01.09.2022;Global;Global;Global;16505
01.10.2022;Global;Global;Global;15892
01.11.2022;Global;Global;Global;15997
01.12.2022;Global;Global;Global;13807
01.01.2023;Global;Global;Global;17320
01.02.2023;Global;Global;Global;16677
01.03.2023;Global;Global;Global;16539
01.04.2023;Global;Global;Global;17735
01.05.2023;Global;Global;Global;16089
01.06.2023;Global;Global;Global;15981
01.07.2023;Global;Global;Global;17569
01.08.2023;Global;Global;Global;16942
01.09.2023;Global;Global;Global;16520
01.10.2023;Global;Global;Global;15832
01.11.2023;Global;Global;Global;15106
01.12.2023;Global;Global;Global;12910
01.01.2024;Global;Global;Global;15321
01.02.2024;Global;Global;Global;16109
01.03.2024;Global;Global;Global;15630
01.04.2024;Global;Global;Global;16980
01.05.2024;Global;Global;Global;15903
