Date,Value,Index
2021-01-01,104.46,Consumer Index 1
2021-02-01,105.95,Consumer Index 1
2021-03-01,107.11,Consumer Index 1
2021-04-01,107.78,Consumer Index 1
2021-05-01,107.69,Consumer Index 1
2021-06-01,107.28,Consumer Index 1
2021-07-01,106.65,Consumer Index 1
2021-08-01,106.75,Consumer Index 1
2021-09-01,104.85,Consumer Index 1
2021-10-01,104.47,Consumer Index 1
2021-11-01,102.55,Consumer Index 1
2021-12-01,101.74,Consumer Index 1
2022-01-01,100.84,Consumer Index 1
2022-02-01,100.86,Consumer Index 1
2022-03-01,101.04,Consumer Index 1
2022-04-01,100.76,Consumer Index 1
2022-05-01,101.86,Consumer Index 1
2022-06-01,102.71,Consumer Index 1
2022-07-01,103.55,Consumer Index 1
2022-08-01,103.87,Consumer Index 1
2022-09-01,105.65,Consumer Index 1
2022-10-01,105.24,Consumer Index 1
2022-11-01,105.53,Consumer Index 1
2022-12-01,105.78,Consumer Index 1
2023-01-01,105.76,Consumer Index 1
2023-02-01,104.19,Consumer Index 1
2023-03-01,103.21,Consumer Index 1
2023-04-01,103.24,Consumer Index 1
2023-05-01,101.27,Consumer Index 1
2023-06-01,100.4,Consumer Index 1
2023-07-01,100.03,Consumer Index 1
2023-08-01,98.9,Consumer Index 1
2023-09-01,98.52,Consumer Index 1
2023-10-01,99.11,Consumer Index 1
2023-11-01,99.25,Consumer Index 1
2023-12-01,99.85,Consumer Index 1
2024-01-01,102.02,Consumer Index 1
2024-02-01,102.35,Consumer Index 1
2024-03-01,103.14,Consumer Index 1
2024-04-01,104.22,Consumer Index 1
2024-05-01,104.0,Consumer Index 1
2024-06-01,104.07,Consumer Index 1
2024-07-01,103.4,Consumer Index 1
2024-08-01,102.94,Consumer Index 1
2024-09-01,101.6,Consumer Index 1
2024-10-01,100.62,Consumer Index 1
2024-11-01,99.68,Consumer Index 1
2024-12-01,98.77,Consumer Index 1
2025-01-01,97.78,Consumer Index 1
2025-02-01,97.3,Consumer Index 1
2025-03-01,97.27,Consumer Index 1
2025-04-01,97.66,Consumer Index 1
2025-05-01,98.15,Consumer Index 1
2025-06-01,99.14,Consumer Index 1
2025-07-01,100.38,Consumer Index 1
2025-08-01,99.72,Consumer Index 1
2025-09-01,101.11,Consumer Index 1
2025-10-01,102.33,Consumer Index 1
2025-11-01,101.74,Consumer Index 1
2025-12-01,102.07,Consumer Index 1
2026-01-01,101.43,Consumer Index 1
2026-02-01,100.91,Consumer Index 1
2026-03-01,100.46,Consumer Index 1
2026-04-01,98.54,Consumer Index 1
2026-05-01,98.07,Consumer Index 1
2026-06-01,96.51,Consumer Index 1
2026-07-01,96.16,Consumer Index 1
2026-08-01,95.6,Consumer Index 1
2026-09-01,95.48,Consumer Index 1
2026-10-01,95.15,Consumer Index 1
2026-11-01,95.48,Consumer Index 1
2026-12-01,96.43,Consumer Index 1
2027-01-01,98.36,Consumer Index 1
2027-02-01,98.81,Consumer Index 1
2027-03-01,99.24,Consumer Index 1
2027-04-01,100.09,Consumer Index 1
2027-05-01,100.49,Consumer Index 1
2027-06-01,100.28,Consumer Index 1
2027-07-01,99.15,Consumer Index 1
2027-08-01,99.12,Consumer Index 1
2027-09-01,98.19,Consumer Index 1
2027-10-01,96.29,Consumer Index 1
2027-11-01,95.67,Consumer Index 1
2027-12-01,93.99,Consumer Index 1
2028-01-01,93.8,Consumer Index 1
2028-02-01,93.29,Consumer Index 1
2021-01-01,105.71,Consumer Index 2
2021-02-01,106.03,Consumer Index 2
2021-03-01,107.29,Consumer Index 2
2021-04-01,107.59,Consumer Index 2
2021-05-01,107.19,Consumer Index 2
2021-06-01,107.06,Consumer Index 2
2021-07-01,107.07,Consumer Index 2
2021-08-01,106.79,Consumer Index 2
2021-09-01,105.15,Consumer Index 2
2021-10-01,104.28,Consumer Index 2
2021-11-01,103.51,Consumer Index 2
2021-12-01,102.58,Consumer Index 2
2022-01-01,100.9,Consumer Index 2
2022-02-01,100.71,Consumer Index 2
2022-03-01,100.09,Consumer Index 2
2022-04-01,101.82,Consumer Index 2
2022-05-01,101.34,Consumer Index 2
2022-06-01,102.87,Consumer Index 2
2022-07-01,103.44,Consumer Index 2
2022-08-01,104.03,Consumer Index 2
2022-09-01,104.88,Consumer Index 2
2022-10-01,105.78,Consumer Index 2
2022-11-01,105.57,Consumer Index 2
2022-12-01,105.45,Consumer Index 2
2023-01-01,104.21,Consumer Index 2
2023-02-01,104.05,Consumer Index 2
2023-03-01,103.32,Consumer Index 2
2023-04-01,102.73,Consumer Index 2
2023-05-01,101.66,Consumer Index 2
2023-06-01,99.88,Consumer Index 2
2023-07-01,99.6,Consumer Index 2
2023-08-01,98.96,Consumer Index 2
2023-09-01,98.76,Consumer Index 2
2023-10-01,99.22,Consumer Index 2
2023-11-01,99.81,Consumer Index 2
2023-12-01,101.43,Consumer Index 2
2024-01-01,100.43,Consumer Index 2
2024-02-01,103.39,Consumer Index 2
2024-03-01,102.38,Consumer Index 2
2024-04-01,103.59,Consumer Index 2
2024-05-01,103.99,Consumer Index 2
2024-06-01,103.79,Consumer Index 2
2024-07-01,103.56,Consumer Index 2
2024-08-01,102.09,Consumer Index 2
2024-09-01,101.27,Consumer Index 2
2024-10-01,100.09,Consumer Index 2
2024-11-01,99.44,Consumer Index 2
2024-12-01,99.23,Consumer Index 2
2025-01-01,97.97,Consumer Index 2
2025-02-01,97.15,Consumer Index 2
2025-03-01,97.4,Consumer Index 2
2025-04-01,97.23,Consumer Index 2
2025-05-01,97.92,Consumer Index 2
2025-06-01,99.54,Consumer Index 2
2025-07-01,99.64,Consumer Index 2
2025-08-01,100.56,Consumer Index 2
2025-09-01,102.22,Consumer Index 2
2025-10-01,102.15,Consumer Index 2
2025-11-01,100.94,Consumer Index 2
2025-12-01,102.06,Consumer Index 2
2026-01-01,102.02,Consumer Index 2
2026-02-01,101.06,Consumer Index 2
2026-03-01,99.63,Consumer Index 2
2026-04-01,99.96,Consumer Index 2
2026-05-01,97.53,Consumer Index 2
2026-06-01,96.19,Consumer Index 2
2026-07-01,96.13,Consumer Index 2
2026-08-01,95.02,Consumer Index 2
2026-09-01,95.83,Consumer Index 2
2026-10-01,95.18,Consumer Index 2
2026-11-01,96.06,Consumer Index 2
2026-12-01,97.39,Consumer Index 2
2027-01-01,98.24,Consumer Index 2
2027-02-01,99.11,Consumer Index 2
2027-03-01,99.87,Consumer Index 2
2027-04-01,100.97,Consumer Index 2
2027-05-01,100.45,Consumer Index 2
2027-06-01,101.1,Consumer Index 2
2027-07-01,99.2,Consumer Index 2
2027-08-01,98.7,Consumer Index 2
2027-09-01,98.42,Consumer Index 2
2027-10-01,96.63,Consumer Index 2
2027-11-01,95.95,Consumer Index 2
2027-12-01,95.47,Consumer Index 2
2028-01-01,94.46,Consumer Index 2
2028-02-01,92.79,Consumer Index 2
2021-01-01,104.13,Consumer Index 3
2021-02-01,105.87,Consumer Index 3
2021-03-01,107.56,Consumer Index 3
2021-04-01,107.22,Consumer Index 3
2021-05-01,107.66,Consumer Index 3
2021-06-01,107.22,Consumer Index 3
2021-07-01,107.02,Consumer Index 3
2021-08-01,106.82,Consumer Index 3
2021-09-01,105.46,Consumer Index 3
2021-10-01,103.39,Consumer Index 3
2021-11-01,102.97,Consumer Index 3
2021-12-01,102.07,Consumer Index 3
2022-01-01,101.28,Consumer Index 3
2022-02-01,101.28,Consumer Index 3
2022-03-01,100.66,Consumer Index 3
2022-04-01,100.78,Consumer Index 3
2022-05-01,101.32,Consumer Index 3
2022-06-01,102.01,Consumer Index 3
2022-07-01,103.88,Consumer Index 3
2022-08-01,103.82,Consumer Index 3
2022-09-01,105.6,Consumer Index 3
2022-10-01,105.34,Consumer Index 3
2022-11-01,105.67,Consumer Index 3
2022-12-01,105.95,Consumer Index 3
2023-01-01,104.63,Consumer Index 3
2023-02-01,105.4,Consumer Index 3
2023-03-01,103.37,Consumer Index 3
2023-04-01,102.16,Consumer Index 3
2023-05-01,101.03,Consumer Index 3
2023-06-01,99.81,Consumer Index 3
2023-07-01,100.08,Consumer Index 3
2023-08-01,99.15,Consumer Index 3
2023-09-01,98.7,Consumer Index 3
2023-10-01,99.29,Consumer Index 3
2023-11-01,98.97,Consumer Index 3
2023-12-01,101.27,Consumer Index 3
2024-01-01,101.44,Consumer Index 3
2024-02-01,101.74,Consumer Index 3
2024-03-01,102.72,Consumer Index 3
2024-04-01,103.96,Consumer Index 3
2024-05-01,103.51,Consumer Index 3
2024-06-01,103.39,Consumer Index 3
2024-07-01,103.12,Consumer Index 3
2024-08-01,102.15,Consumer Index 3
2024-09-01,102.29,Consumer Index 3
2024-10-01,100.62,Consumer Index 3
2024-11-01,99.56,Consumer Index 3
2024-12-01,98.31,Consumer Index 3
2025-01-01,97.82,Consumer Index 3
2025-02-01,97.91,Consumer Index 3
2025-03-01,96.76,Consumer Index 3
2025-04-01,96.5,Consumer Index 3
2025-05-01,97.55,Consumer Index 3
2025-06-01,98.43,Consumer Index 3
2025-07-01,99.28,Consumer Index 3
2025-08-01,99.79,Consumer Index 3
2025-09-01,102.58,Consumer Index 3
2025-10-01,101.77,Consumer Index 3
2025-11-01,102.85,Consumer Index 3
2025-12-01,101.94,Consumer Index 3
2026-01-01,101.4,Consumer Index 3
2026-02-01,101.22,Consumer Index 3
2026-03-01,99.68,Consumer Index 3
2026-04-01,99.32,Consumer Index 3
2026-05-01,97.01,Consumer Index 3
2026-06-01,96.42,Consumer Index 3
2026-07-01,95.73,Consumer Index 3
2026-08-01,95.46,Consumer Index 3
2026-09-01,95.09,Consumer Index 3
2026-10-01,95.26,Consumer Index 3
2026-11-01,96.48,Consumer Index 3
2026-12-01,96.6,Consumer Index 3
2027-01-01,98.22,Consumer Index 3
2027-02-01,98.46,Consumer Index 3
2027-03-01,99.9,Consumer Index 3
2027-04-01,99.74,Consumer Index 3
2027-05-01,100.6,Consumer Index 3
2027-06-01,100.99,Consumer Index 3
2027-07-01,99.43,Consumer Index 3
2027-08-01,99.47,Consumer Index 3
2027-09-01,97.95,Consumer Index 3
2027-10-01,97.17,Consumer Index 3
2027-11-01,95.1,Consumer Index 3
2027-12-01,94.87,Consumer Index 3
2028-01-01,93.54,Consumer Index 3
2028-02-01,94.23,Consumer Index 3
2021-01-01,94.46,Consumer Index 4
2021-02-01,97.32,Consumer Index 4
2021-03-01,99.26,Consumer Index 4
2021-04-01,100.21,Consumer Index 4
2021-05-01,99.3,Consumer Index 4
2021-06-01,98.18,Consumer Index 4
2021-07-01,95.75,Consumer Index 4
2021-08-01,93.06,Consumer Index 4
2021-09-01,91.49,Consumer Index 4
2021-10-01,90.0,Consumer Index 4
2021-11-01,90.6,Consumer Index 4
2021-12-01,92.76,Consumer Index 4
2022-01-01,95.36,Consumer Index 4
2022-02-01,98.32,Consumer Index 4
2022-03-01,99.26,Consumer Index 4
2022-04-01,100.68,Consumer Index 4
2022-05-01,100.2,Consumer Index 4
2022-06-01,97.44,Consumer Index 4
2022-07-01,95.87,Consumer Index 4
2022-08-01,94.17,Consumer Index 4
2022-09-01,91.54,Consumer Index 4
2022-10-01,91.41,Consumer Index 4
2022-11-01,91.72,Consumer Index 4
2022-12-01,93.14,Consumer Index 4
2023-01-01,96.23,Consumer Index 4
2023-02-01,99.65,Consumer Index 4
2023-03-01,99.97,Consumer Index 4
2023-04-01,100.68,Consumer Index 4
2023-05-01,100.11,Consumer Index 4
2023-06-01,98.84,Consumer Index 4
2023-07-01,96.36,Consumer Index 4
2023-08-01,93.72,Consumer Index 4
2023-09-01,92.65,Consumer Index 4
2023-10-01,91.26,Consumer Index 4
2023-11-01,92.27,Consumer Index 4
2023-12-01,94.7,Consumer Index 4
2024-01-01,96.45,Consumer Index 4
2024-02-01,99.97,Consumer Index 4
2024-03-01,101.46,Consumer Index 4
2024-04-01,102.56,Consumer Index 4
2024-05-01,101.54,Consumer Index 4
2024-06-01,99.19,Consumer Index 4
2024-07-01,96.97,Consumer Index 4
2024-08-01,94.02,Consumer Index 4
2024-09-01,94.51,Consumer Index 4
2024-10-01,92.2,Consumer Index 4
2024-11-01,93.26,Consumer Index 4
2024-12-01,95.96,Consumer Index 4
2025-01-01,97.28,Consumer Index 4
2025-02-01,100.0,Consumer Index 4
2025-03-01,101.51,Consumer Index 4
2025-04-01,103.07,Consumer Index 4
2025-05-01,101.96,Consumer Index 4
2025-06-01,100.87,Consumer Index 4
2025-07-01,97.3,Consumer Index 4
2025-08-01,94.98,Consumer Index 4
2025-09-01,92.94,Consumer Index 4
2025-10-01,93.03,Consumer Index 4
2025-11-01,94.17,Consumer Index 4
2025-12-01,95.92,Consumer Index 4
2026-01-01,99.04,Consumer Index 4
2026-02-01,100.05,Consumer Index 4
2026-03-01,103.28,Consumer Index 4
2026-04-01,103.58,Consumer Index 4
2026-05-01,103.38,Consumer Index 4
2026-06-01,100.98,Consumer Index 4
2026-07-01,98.89,Consumer Index 4
2026-08-01,95.44,Consumer Index 4
2026-09-01,93.51,Consumer Index 4
2026-10-01,93.95,Consumer Index 4
2026-11-01,95.62,Consumer Index 4
2026-12-01,96.42,Consumer Index 4
2027-01-01,98.75,Consumer Index 4
2027-02-01,102.05,Consumer Index 4
2027-03-01,102.95,Consumer Index 4
2027-04-01,103.58,Consumer Index 4
2027-05-01,103.3,Consumer Index 4
2027-06-01,100.59,Consumer Index 4
2027-07-01,99.61,Consumer Index 4
2027-08-01,95.54,Consumer Index 4
2027-09-01,95.08,Consumer Index 4
2027-10-01,93.88,Consumer Index 4
2027-11-01,94.29,Consumer Index 4
2027-12-01,96.69,Consumer Index 4
2028-01-01,99.61,Consumer Index 4
2028-02-01,101.14,Consumer Index 4
2021-01-01,100.24,Consumer Index 5
2021-02-01,99.82,Consumer Index 5
2021-03-01,98.8,Consumer Index 5
2021-04-01,99.98,Consumer Index 5
2021-05-01,98.8,Consumer Index 5
2021-06-01,99.97,Consumer Index 5
2021-07-01,99.09,Consumer Index 5
2021-08-01,98.82,Consumer Index 5
2021-09-01,99.06,Consumer Index 5
2021-10-01,98.09,Consumer Index 5
2021-11-01,98.96,Consumer Index 5
2021-12-01,98.29,Consumer Index 5
2022-01-01,97.87,Consumer Index 5
2022-02-01,98.09,Consumer Index 5
2022-03-01,98.01,Consumer Index 5
2022-04-01,97.81,Consumer Index 5
2022-05-01,97.65,Consumer Index 5
2022-06-01,97.6,Consumer Index 5
2022-07-01,97.43,Consumer Index 5
2022-08-01,96.84,Consumer Index 5
2022-09-01,97.08,Consumer Index 5
2022-10-01,97.11,Consumer Index 5
2022-11-01,96.43,Consumer Index 5
2022-12-01,96.51,Consumer Index 5
2023-01-01,95.69,Consumer Index 5
2023-02-01,96.59,Consumer Index 5
2023-03-01,96.51,Consumer Index 5
2023-04-01,95.33,Consumer Index 5
2023-05-01,96.2,Consumer Index 5
2023-06-01,95.52,Consumer Index 5
2023-07-01,95.77,Consumer Index 5
2023-08-01,95.89,Consumer Index 5
2023-09-01,95.07,Consumer Index 5
2023-10-01,94.65,Consumer Index 5
2023-11-01,95.8,Consumer Index 5
2023-12-01,94.59,Consumer Index 5
2024-01-01,94.99,Consumer Index 5
2024-02-01,94.4,Consumer Index 5
2024-03-01,94.52,Consumer Index 5
2024-04-01,93.91,Consumer Index 5
2024-05-01,93.64,Consumer Index 5
2024-06-01,94.26,Consumer Index 5
2024-07-01,93.97,Consumer Index 5
2024-08-01,94.62,Consumer Index 5
2024-09-01,93.83,Consumer Index 5
2024-10-01,94.41,Consumer Index 5
2024-11-01,92.93,Consumer Index 5
2024-12-01,92.58,Consumer Index 5
2025-01-01,92.84,Consumer Index 5
2025-02-01,92.64,Consumer Index 5
2025-03-01,92.0,Consumer Index 5
2025-04-01,91.65,Consumer Index 5
2025-05-01,92.41,Consumer Index 5
2025-06-01,91.7,Consumer Index 5
2025-07-01,91.76,Consumer Index 5
2025-08-01,92.22,Consumer Index 5
2025-09-01,91.31,Consumer Index 5
2025-10-01,92.13,Consumer Index 5
2025-11-01,91.51,Consumer Index 5
2025-12-01,91.6,Consumer Index 5
2026-01-01,92.02,Consumer Index 5
2026-02-01,90.87,Consumer Index 5
2026-03-01,91.23,Consumer Index 5
2026-04-01,91.01,Consumer Index 5
2026-05-01,90.0,Consumer Index 5
2026-06-01,90.03,Consumer Index 5
2026-07-01,90.0,Consumer Index 5
2026-08-01,90.0,Consumer Index 5
2026-09-01,90.0,Consumer Index 5
2026-10-01,90.12,Consumer Index 5
2026-11-01,90.0,Consumer Index 5
2026-12-01,90.0,Consumer Index 5
2027-01-01,90.0,Consumer Index 5
2027-02-01,90.0,Consumer Index 5
2027-03-01,90.0,Consumer Index 5
2027-04-01,90.0,Consumer Index 5
2027-05-01,90.0,Consumer Index 5
2027-06-01,90.0,Consumer Index 5
2027-07-01,90.0,Consumer Index 5
2027-08-01,90.0,Consumer Index 5
2027-09-01,90.0,Consumer Index 5
2027-10-01,90.0,Consumer Index 5
2027-11-01,90.0,Consumer Index 5
2027-12-01,90.0,Consumer Index 5
2028-01-01,90.0,Consumer Index 5
2028-02-01,90.0,Consumer Index 5
2021-01-01,95.86,Consumer Index 6
2021-02-01,97.16,Consumer Index 6
2021-03-01,99.11,Consumer Index 6
2021-04-01,100.32,Consumer Index 6
2021-05-01,99.29,Consumer Index 6
2021-06-01,97.24,Consumer Index 6
2021-07-01,95.11,Consumer Index 6
2021-08-01,92.37,Consumer Index 6
2021-09-01,91.22,Consumer Index 6
2021-10-01,90.07,Consumer Index 6
2021-11-01,90.8,Consumer Index 6
2021-12-01,93.21,Consumer Index 6
2022-01-01,95.54,Consumer Index 6
2022-02-01,97.59,Consumer Index 6
2022-03-01,99.6,Consumer Index 6
2022-04-01,100.35,Consumer Index 6
2022-05-01,100.48,Consumer Index 6
2022-06-01,98.53,Consumer Index 6
2022-07-01,95.48,Consumer Index 6
2022-08-01,94.21,Consumer Index 6
2022-09-01,91.04,Consumer Index 6
2022-10-01,90.11,Consumer Index 6
2022-11-01,91.75,Consumer Index 6
2022-12-01,93.44,Consumer Index 6
2023-01-01,96.95,Consumer Index 6
2023-02-01,98.6,Consumer Index 6
2023-03-01,99.93,Consumer Index 6
2023-04-01,101.09,Consumer Index 6
2023-05-01,100.85,Consumer Index 6
2023-06-01,99.38,Consumer Index 6
2023-07-01,95.98,Consumer Index 6
2023-08-01,94.25,Consumer Index 6
2023-09-01,92.37,Consumer Index 6
2023-10-01,91.82,Consumer Index 6
2023-11-01,92.11,Consumer Index 6
2023-12-01,95.34,Consumer Index 6
2024-01-01,96.15,Consumer Index 6
2024-02-01,99.51,Consumer Index 6
2024-03-01,101.2,Consumer Index 6
2024-04-01,102.41,Consumer Index 6
2024-05-01,101.69,Consumer Index 6
2024-06-01,100.3,Consumer Index 6
2024-07-01,97.14,Consumer Index 6
2024-08-01,95.07,Consumer Index 6
2024-09-01,92.67,Consumer Index 6
2024-10-01,92.59,Consumer Index 6
2024-11-01,92.74,Consumer Index 6
2024-12-01,94.54,Consumer Index 6
2025-01-01,97.28,Consumer Index 6
2025-02-01,101.0,Consumer Index 6
2025-03-01,101.32,Consumer Index 6
2025-04-01,102.22,Consumer Index 6
2025-05-01,102.16,Consumer Index 6
2025-06-01,100.24,Consumer Index 6
2025-07-01,98.35,Consumer Index 6
2025-08-01,96.22,Consumer Index 6
2025-09-01,93.77,Consumer Index 6
2025-10-01,92.06,Consumer Index 6
2025-11-01,92.84,Consumer Index 6
2025-12-01,95.06,Consumer Index 6
2026-01-01,98.26,Consumer Index 6
2026-02-01,101.66,Consumer Index 6
2026-03-01,103.03,Consumer Index 6
2026-04-01,103.44,Consumer Index 6
2026-05-01,102.13,Consumer Index 6
2026-06-01,101.27,Consumer Index 6
2026-07-01,98.49,Consumer Index 6
2026-08-01,96.06,Consumer Index 6
2026-09-01,94.25,Consumer Index 6
2026-10-01,93.68,Consumer Index 6
2026-11-01,93.95,Consumer Index 6
2026-12-01,95.7,Consumer Index 6
2027-01-01,99.3,Consumer Index 6
2027-02-01,101.2,Consumer Index 6
2027-03-01,102.5,Consumer Index 6
2027-04-01,103.14,Consumer Index 6
2027-05-01,102.78,Consumer Index 6
2027-06-01,101.4,Consumer Index 6
2027-07-01,98.62,Consumer Index 6
2027-08-01,96.2,Consumer Index 6
2027-09-01,94.71,Consumer Index 6
2027-10-01,94.06,Consumer Index 6
2027-11-01,95.95,Consumer Index 6
2027-12-01,96.59,Consumer Index 6
2028-01-01,99.55,Consumer Index 6
2028-02-01,102.45,Consumer Index 6
2021-01-01,100.65,Consumer Index 7
2021-02-01,100.43,Consumer Index 7
2021-03-01,99.62,Consumer Index 7
2021-04-01,100.39,Consumer Index 7
2021-05-01,98.95,Consumer Index 7
2021-06-01,99.58,Consumer Index 7
2021-07-01,98.58,Consumer Index 7
2021-08-01,98.42,Consumer Index 7
2021-09-01,98.69,Consumer Index 7
2021-10-01,98.89,Consumer Index 7
2021-11-01,99.03,Consumer Index 7
2021-12-01,98.62,Consumer Index 7
2022-01-01,98.07,Consumer Index 7
2022-02-01,97.42,Consumer Index 7
2022-03-01,97.08,Consumer Index 7
2022-04-01,98.12,Consumer Index 7
2022-05-01,98.27,Consumer Index 7
2022-06-01,96.84,Consumer Index 7
2022-07-01,97.37,Consumer Index 7
2022-08-01,96.45,Consumer Index 7
2022-09-01,96.69,Consumer Index 7
2022-10-01,97.21,Consumer Index 7
2022-11-01,96.78,Consumer Index 7
2022-12-01,96.86,Consumer Index 7
2023-01-01,96.75,Consumer Index 7
2023-02-01,96.73,Consumer Index 7
2023-03-01,95.48,Consumer Index 7
2023-04-01,96.18,Consumer Index 7
2023-05-01,96.51,Consumer Index 7
2023-06-01,95.09,Consumer Index 7
2023-07-01,95.97,Consumer Index 7
2023-08-01,95.61,Consumer Index 7
2023-09-01,94.8,Consumer Index 7
2023-10-01,94.42,Consumer Index 7
2023-11-01,95.48,Consumer Index 7
2023-12-01,95.37,Consumer Index 7
2024-01-01,95.45,Consumer Index 7
2024-02-01,94.59,Consumer Index 7
2024-03-01,94.81,Consumer Index 7
2024-04-01,94.28,Consumer Index 7
2024-05-01,94.17,Consumer Index 7
2024-06-01,93.43,Consumer Index 7
2024-07-01,93.54,Consumer Index 7
2024-08-01,93.24,Consumer Index 7
2024-09-01,93.41,Consumer Index 7
2024-10-01,93.65,Consumer Index 7
2024-11-01,93.22,Consumer Index 7
2024-12-01,93.46,Consumer Index 7
2025-01-01,92.57,Consumer Index 7
2025-02-01,93.86,Consumer Index 7
2025-03-01,92.47,Consumer Index 7
2025-04-01,92.14,Consumer Index 7
2025-05-01,92.04,Consumer Index 7
2025-06-01,92.13,Consumer Index 7
2025-07-01,91.95,Consumer Index 7
2025-08-01,92.5,Consumer Index 7
2025-09-01,92.03,Consumer Index 7
2025-10-01,91.31,Consumer Index 7
2025-11-01,91.08,Consumer Index 7
2025-12-01,91.47,Consumer Index 7
2026-01-01,91.22,Consumer Index 7
2026-02-01,90.82,Consumer Index 7
2026-03-01,91.26,Consumer Index 7
2026-04-01,90.14,Consumer Index 7
2026-05-01,90.48,Consumer Index 7
2026-06-01,90.53,Consumer Index 7
2026-07-01,90.25,Consumer Index 7
2026-08-01,90.56,Consumer Index 7
2026-09-01,90.0,Consumer Index 7
2026-10-01,90.0,Consumer Index 7
2026-11-01,90.0,Consumer Index 7
2026-12-01,90.24,Consumer Index 7
2027-01-01,90.0,Consumer Index 7
2027-02-01,90.0,Consumer Index 7
2027-03-01,90.0,Consumer Index 7
2027-04-01,90.0,Consumer Index 7
2027-05-01,90.0,Consumer Index 7
2027-06-01,90.0,Consumer Index 7
2027-07-01,90.0,Consumer Index 7
2027-08-01,90.0,Consumer Index 7
2027-09-01,90.0,Consumer Index 7
2027-10-01,90.0,Consumer Index 7
2027-11-01,90.0,Consumer Index 7
2027-12-01,90.0,Consumer Index 7
2028-01-01,90.0,Consumer Index 7
2028-02-01,90.0,Consumer Index 7
2021-01-01,94.95,Consumer Index 8
2021-02-01,97.4,Consumer Index 8
2021-03-01,99.63,Consumer Index 8
2021-04-01,99.75,Consumer Index 8
2021-05-01,99.11,Consumer Index 8
2021-06-01,98.15,Consumer Index 8
2021-07-01,95.22,Consumer Index 8
2021-08-01,92.83,Consumer Index 8
2021-09-01,91.23,Consumer Index 8
2021-10-01,90.91,Consumer Index 8
2021-11-01,91.11,Consumer Index 8
2021-12-01,93.06,Consumer Index 8
2022-01-01,95.05,Consumer Index 8
2022-02-01,97.88,Consumer Index 8
2022-03-01,100.68,Consumer Index 8
2022-04-01,101.93,Consumer Index 8
2022-05-01,100.72,Consumer Index 8
2022-06-01,98.04,Consumer Index 8
2022-07-01,95.54,Consumer Index 8
2022-08-01,93.54,Consumer Index 8
2022-09-01,91.67,Consumer Index 8
2022-10-01,90.81,Consumer Index 8
2022-11-01,91.68,Consumer Index 8
2022-12-01,92.39,Consumer Index 8
2023-01-01,95.74,Consumer Index 8
2023-02-01,98.06,Consumer Index 8
2023-03-01,101.32,Consumer Index 8
2023-04-01,99.89,Consumer Index 8
2023-05-01,101.22,Consumer Index 8
2023-06-01,98.61,Consumer Index 8
2023-07-01,96.81,Consumer Index 8
2023-08-01,94.18,Consumer Index 8
2023-09-01,92.34,Consumer Index 8
2023-10-01,91.82,Consumer Index 8
2023-11-01,92.66,Consumer Index 8
2023-12-01,93.91,Consumer Index 8
2024-01-01,96.66,Consumer Index 8
2024-02-01,99.46,Consumer Index 8
2024-03-01,100.96,Consumer Index 8
2024-04-01,102.03,Consumer Index 8
2024-05-01,100.52,Consumer Index 8
2024-06-01,99.79,Consumer Index 8
2024-07-01,96.58,Consumer Index 8
2024-08-01,95.12,Consumer Index 8
2024-09-01,92.28,Consumer Index 8
2024-10-01,92.09,Consumer Index 8
2024-11-01,92.46,Consumer Index 8
2024-12-01,94.19,Consumer Index 8
2025-01-01,96.97,Consumer Index 8
2025-02-01,100.11,Consumer Index 8
2025-03-01,102.54,Consumer Index 8
2025-04-01,102.85,Consumer Index 8
2025-05-01,101.8,Consumer Index 8
2025-06-01,100.49,Consumer Index 8
2025-07-01,97.65,Consumer Index 8
2025-08-01,95.4,Consumer Index 8
2025-09-01,93.25,Consumer Index 8
2025-10-01,94.18,Consumer Index 8
2025-11-01,93.86,Consumer Index 8
2025-12-01,94.86,Consumer Index 8
2026-01-01,98.16,Consumer Index 8
2026-02-01,100.6,Consumer Index 8
2026-03-01,102.91,Consumer Index 8
2026-04-01,102.23,Consumer Index 8
2026-05-01,102.18,Consumer Index 8
2026-06-01,100.74,Consumer Index 8
2026-07-01,98.44,Consumer Index 8
2026-08-01,96.11,Consumer Index 8
2026-09-01,94.27,Consumer Index 8
2026-10-01,93.89,Consumer Index 8
2026-11-01,94.41,Consumer Index 8
2026-12-01,95.8,Consumer Index 8
2027-01-01,97.77,Consumer Index 8
2027-02-01,101.27,Consumer Index 8
2027-03-01,104.06,Consumer Index 8
2027-04-01,103.71,Consumer Index 8
2027-05-01,102.35,Consumer Index 8
2027-06-01,101.26,Consumer Index 8
2027-07-01,98.85,Consumer Index 8
2027-08-01,97.47,Consumer Index 8
2027-09-01,95.63,Consumer Index 8
2027-10-01,94.07,Consumer Index 8
2027-11-01,94.76,Consumer Index 8
2027-12-01,96.13,Consumer Index 8
2028-01-01,98.48,Consumer Index 8
2028-02-01,102.04,Consumer Index 8
2021-01-01,95.46,Consumer Index 9
2021-02-01,97.4,Consumer Index 9
2021-03-01,98.78,Consumer Index 9
2021-04-01,100.59,Consumer Index 9
2021-05-01,99.32,Consumer Index 9
2021-06-01,97.71,Consumer Index 9
2021-07-01,95.37,Consumer Index 9
2021-08-01,93.52,Consumer Index 9
2021-09-01,90.97,Consumer Index 9
2021-10-01,90.0,Consumer Index 9
2021-11-01,92.15,Consumer Index 9
2021-12-01,92.42,Consumer Index 9
2022-01-01,96.44,Consumer Index 9
2022-02-01,98.66,Consumer Index 9
2022-03-01,100.23,Consumer Index 9
2022-04-01,100.29,Consumer Index 9
2022-05-01,100.3,Consumer Index 9
2022-06-01,98.48,Consumer Index 9
2022-07-01,95.84,Consumer Index 9
2022-08-01,94.47,Consumer Index 9
2022-09-01,91.82,Consumer Index 9
2022-10-01,91.85,Consumer Index 9
2022-11-01,91.75,Consumer Index 9
2022-12-01,93.46,Consumer Index 9
2023-01-01,96.12,Consumer Index 9
2023-02-01,98.5,Consumer Index 9
2023-03-01,99.81,Consumer Index 9
2023-04-01,100.98,Consumer Index 9
2023-05-01,100.84,Consumer Index 9
2023-06-01,98.98,Consumer Index 9
2023-07-01,95.61,Consumer Index 9
2023-08-01,94.01,Consumer Index 9
2023-09-01,92.29,Consumer Index 9
2023-10-01,91.41,Consumer Index 9
2023-11-01,92.48,Consumer Index 9
2023-12-01,94.09,Consumer Index 9
2024-01-01,96.77,Consumer Index 9
2024-02-01,98.86,Consumer Index 9
2024-03-01,100.92,Consumer Index 9
2024-04-01,101.35,Consumer Index 9
2024-05-01,100.68,Consumer Index 9
2024-06-01,98.7,Consumer Index 9
2024-07-01,96.83,Consumer Index 9
2024-08-01,94.9,Consumer Index 9
2024-09-01,92.91,Consumer Index 9
2024-10-01,91.5,Consumer Index 9
2024-11-01,92.55,Consumer Index 9
2024-12-01,94.91,Consumer Index 9
2025-01-01,97.24,Consumer Index 9
2025-02-01,99.77,Consumer Index 9
2025-03-01,101.93,Consumer Index 9
2025-04-01,102.29,Consumer Index 9
2025-05-01,101.39,Consumer Index 9
2025-06-01,100.1,Consumer Index 9
2025-07-01,97.54,Consumer Index 9
2025-08-01,95.98,Consumer Index 9
2025-09-01,92.84,Consumer Index 9
2025-10-01,92.28,Consumer Index 9
2025-11-01,93.99,Consumer Index 9
2025-12-01,95.0,Consumer Index 9
2026-01-01,98.34,Consumer Index 9
2026-02-01,100.85,Consumer Index 9
2026-03-01,103.45,Consumer Index 9
2026-04-01,103.68,Consumer Index 9
2026-05-01,103.09,Consumer Index 9
2026-06-01,100.99,Consumer Index 9
2026-07-01,97.99,Consumer Index 9
2026-08-01,96.44,Consumer Index 9
2026-09-01,94.37,Consumer Index 9
2026-10-01,93.39,Consumer Index 9
2026-11-01,93.68,Consumer Index 9
2026-12-01,95.43,Consumer Index 9
2027-01-01,97.82,Consumer Index 9
2027-02-01,101.38,Consumer Index 9
2027-03-01,102.67,Consumer Index 9
2027-04-01,102.84,Consumer Index 9
2027-05-01,103.84,Consumer Index 9
2027-06-01,100.54,Consumer Index 9
2027-07-01,99.2,Consumer Index 9
2027-08-01,96.46,Consumer Index 9
2027-09-01,94.07,Consumer Index 9
2027-10-01,95.0,Consumer Index 9
2027-11-01,94.94,Consumer Index 9
2027-12-01,97.19,Consumer Index 9
2028-01-01,99.13,Consumer Index 9
2028-02-01,101.93,Consumer Index 9
2021-01-01,105.29,Consumer Index 10
2021-02-01,105.86,Consumer Index 10
2021-03-01,106.64,Consumer Index 10
2021-04-01,107.09,Consumer Index 10
2021-05-01,107.41,Consumer Index 10
2021-06-01,107.44,Consumer Index 10
2021-07-01,106.47,Consumer Index 10
2021-08-01,106.24,Consumer Index 10
2021-09-01,105.64,Consumer Index 10
2021-10-01,105.43,Consumer Index 10
2021-11-01,103.22,Consumer Index 10
2021-12-01,100.93,Consumer Index 10
2022-01-01,101.28,Consumer Index 10
2022-02-01,101.25,Consumer Index 10
2022-03-01,100.08,Consumer Index 10
2022-04-01,101.24,Consumer Index 10
2022-05-01,101.96,Consumer Index 10
2022-06-01,102.47,Consumer Index 10
2022-07-01,102.85,Consumer Index 10
2022-08-01,104.09,Consumer Index 10
2022-09-01,103.65,Consumer Index 10
2022-10-01,105.21,Consumer Index 10
2022-11-01,105.93,Consumer Index 10
2022-12-01,105.4,Consumer Index 10
2023-01-01,105.6,Consumer Index 10
2023-02-01,103.65,Consumer Index 10
2023-03-01,103.47,Consumer Index 10
2023-04-01,101.83,Consumer Index 10
2023-05-01,100.97,Consumer Index 10
2023-06-01,100.68,Consumer Index 10
2023-07-01,99.22,Consumer Index 10
2023-08-01,98.69,Consumer Index 10
2023-09-01,98.68,Consumer Index 10
2023-10-01,99.01,Consumer Index 10
2023-11-01,100.39,Consumer Index 10
2023-12-01,100.94,Consumer Index 10
2024-01-01,101.28,Consumer Index 10
2024-02-01,102.33,Consumer Index 10
2024-03-01,103.51,Consumer Index 10
2024-04-01,103.5,Consumer Index 10
2024-05-01,103.36,Consumer Index 10
2024-06-01,104.45,Consumer Index 10
2024-07-01,103.82,Consumer Index 10
2024-08-01,103.86,Consumer Index 10
2024-09-01,102.23,Consumer Index 10
2024-10-01,100.65,Consumer Index 10
2024-11-01,98.63,Consumer Index 10
2024-12-01,99.32,Consumer Index 10
2025-01-01,97.22,Consumer Index 10
2025-02-01,96.83,Consumer Index 10
2025-03-01,97.0,Consumer Index 10
2025-04-01,97.0,Consumer Index 10
2025-05-01,97.45,Consumer Index 10
2025-06-01,98.86,Consumer Index 10
2025-07-01,99.98,Consumer Index 10
2025-08-01,101.1,Consumer Index 10
2025-09-01,101.22,Consumer Index 10
2025-10-01,101.77,Consumer Index 10
2025-11-01,102.22,Consumer Index 10
2025-12-01,101.78,Consumer Index 10
2026-01-01,101.53,Consumer Index 10
2026-02-01,101.04,Consumer Index 10
2026-03-01,100.65,Consumer Index 10
2026-04-01,98.72,Consumer Index 10
2026-05-01,97.9,Consumer Index 10
2026-06-01,96.74,Consumer Index 10
2026-07-01,95.71,Consumer Index 10
2026-08-01,95.41,Consumer Index 10
2026-09-01,95.38,Consumer Index 10
2026-10-01,95.35,Consumer Index 10
2026-11-01,95.89,Consumer Index 10
2026-12-01,97.66,Consumer Index 10
2027-01-01,96.96,Consumer Index 10
2027-02-01,99.22,Consumer Index 10
2027-03-01,99.29,Consumer Index 10
2027-04-01,99.13,Consumer Index 10
2027-05-01,100.55,Consumer Index 10
2027-06-01,100.42,Consumer Index 10
2027-07-01,99.8,Consumer Index 10
2027-08-01,99.43,Consumer Index 10
2027-09-01,97.46,Consumer Index 10
2027-10-01,97.25,Consumer Index 10
2027-11-01,95.45,Consumer Index 10
2027-12-01,95.24,Consumer Index 10
2028-01-01,94.04,Consumer Index 10
2028-02-01,93.52,Consumer Index 10
2021-01-01,99.59,Consumer Index 11
2021-02-01,100.46,Consumer Index 11
2021-03-01,100.36,Consumer Index 11
2021-04-01,99.57,Consumer Index 11
2021-05-01,99.95,Consumer Index 11
2021-06-01,99.08,Consumer Index 11
2021-07-01,99.84,Consumer Index 11
2021-08-01,100.19,Consumer Index 11
2021-09-01,97.85,Consumer Index 11
2021-10-01,98.34,Consumer Index 11
2021-11-01,98.6,Consumer Index 11
2021-12-01,98.59,Consumer Index 11
2022-01-01,98.08,Consumer Index 11
2022-02-01,98.37,Consumer Index 11
2022-03-01,97.4,Consumer Index 11
2022-04-01,97.95,Consumer Index 11
2022-05-01,98.75,Consumer Index 11
2022-06-01,97.38,Consumer Index 11
2022-07-01,97.94,Consumer Index 11
2022-08-01,97.42,Consumer Index 11
2022-09-01,96.16,Consumer Index 11
2022-10-01,96.64,Consumer Index 11
2022-11-01,96.05,Consumer Index 11
2022-12-01,96.47,Consumer Index 11
2023-01-01,96.65,Consumer Index 11
2023-02-01,96.25,Consumer Index 11
2023-03-01,95.33,Consumer Index 11
2023-04-01,95.16,Consumer Index 11
2023-05-01,95.62,Consumer Index 11
2023-06-01,95.96,Consumer Index 11
2023-07-01,96.25,Consumer Index 11
2023-08-01,95.4,Consumer Index 11
2023-09-01,94.73,Consumer Index 11
2023-10-01,94.8,Consumer Index 11
2023-11-01,94.78,Consumer Index 11
2023-12-01,93.73,Consumer Index 11
2024-01-01,94.38,Consumer Index 11
2024-02-01,94.69,Consumer Index 11
2024-03-01,93.51,Consumer Index 11
2024-04-01,94.0,Consumer Index 11
2024-05-01,93.63,Consumer Index 11
2024-06-01,93.43,Consumer Index 11
2024-07-01,94.01,Consumer Index 11
2024-08-01,93.59,Consumer Index 11
2024-09-01,94.29,Consumer Index 11
2024-10-01,93.31,Consumer Index 11
2024-11-01,92.76,Consumer Index 11
2024-12-01,92.82,Consumer Index 11
2025-01-01,93.62,Consumer Index 11
2025-02-01,92.61,Consumer Index 11
2025-03-01,92.85,Consumer Index 11
2025-04-01,92.6,Consumer Index 11
2025-05-01,92.56,Consumer Index 11
2025-06-01,91.02,Consumer Index 11
2025-07-01,92.12,Consumer Index 11
2025-08-01,92.79,Consumer Index 11
2025-09-01,92.27,Consumer Index 11
2025-10-01,91.97,Consumer Index 11
2025-11-01,92.27,Consumer Index 11
2025-12-01,91.07,Consumer Index 11
2026-01-01,91.19,Consumer Index 11
2026-02-01,91.54,Consumer Index 11
2026-03-01,90.0,Consumer Index 11
2026-04-01,90.76,Consumer Index 11
2026-05-01,90.0,Consumer Index 11
2026-06-01,90.01,Consumer Index 11
2026-07-01,90.42,Consumer Index 11
2026-08-01,90.03,Consumer Index 11
2026-09-01,90.07,Consumer Index 11
2026-10-01,90.0,Consumer Index 11
2026-11-01,90.0,Consumer Index 11
2026-12-01,90.0,Consumer Index 11
2027-01-01,90.0,Consumer Index 11
2027-02-01,90.0,Consumer Index 11
2027-03-01,90.0,Consumer Index 11
2027-04-01,90.0,Consumer Index 11
2027-05-01,90.0,Consumer Index 11
2027-06-01,90.0,Consumer Index 11
2027-07-01,90.0,Consumer Index 11
2027-08-01,90.0,Consumer Index 11
2027-09-01,90.0,Consumer Index 11
2027-10-01,90.0,Consumer Index 11
2027-11-01,90.0,Consumer Index 11
2027-12-01,90.0,Consumer Index 11
2028-01-01,90.0,Consumer Index 11
2028-02-01,90.0,Consumer Index 11
2021-01-01,105.37,Consumer Index 12
2021-02-01,106.77,Consumer Index 12
2021-03-01,106.75,Consumer Index 12
2021-04-01,107.05,Consumer Index 12
2021-05-01,106.84,Consumer Index 12
2021-06-01,107.88,Consumer Index 12
2021-07-01,106.95,Consumer Index 12
2021-08-01,106.5,Consumer Index 12
2021-09-01,105.67,Consumer Index 12
2021-10-01,103.49,Consumer Index 12
2021-11-01,103.88,Consumer Index 12
2021-12-01,101.95,Consumer Index 12
2022-01-01,101.83,Consumer Index 12
2022-02-01,101.83,Consumer Index 12
2022-03-01,100.48,Consumer Index 12
2022-04-01,101.97,Consumer Index 12
2022-05-01,102.01,Consumer Index 12
2022-06-01,102.83,Consumer Index 12
2022-07-01,102.98,Consumer Index 12
2022-08-01,104.32,Consumer Index 12
2022-09-01,105.53,Consumer Index 12
2022-10-01,105.6,Consumer Index 12
2022-11-01,106.85,Consumer Index 12
2022-12-01,104.82,Consumer Index 12
2023-01-01,105.51,Consumer Index 12
2023-02-01,104.09,Consumer Index 12
2023-03-01,102.7,Consumer Index 12
2023-04-01,102.31,Consumer Index 12
2023-05-01,100.96,Consumer Index 12
2023-06-01,100.16,Consumer Index 12
2023-07-01,99.59,Consumer Index 12
2023-08-01,99.64,Consumer Index 12
2023-09-01,98.89,Consumer Index 12
2023-10-01,98.44,Consumer Index 12
2023-11-01,99.48,Consumer Index 12
2023-12-01,100.34,Consumer Index 12
2024-01-01,100.84,Consumer Index 12
2024-02-01,102.05,Consumer Index 12
2024-03-01,102.67,Consumer Index 12
2024-04-01,103.69,Consumer Index 12
2024-05-01,103.84,Consumer Index 12
2024-06-01,103.1,Consumer Index 12
2024-07-01,102.88,Consumer Index 12
2024-08-01,102.34,Consumer Index 12
2024-09-01,101.48,Consumer Index 12
2024-10-01,100.53,Consumer Index 12
2024-11-01,99.69,Consumer Index 12
2024-12-01,98.93,Consumer Index 12
2025-01-01,96.78,Consumer Index 12
2025-02-01,97.92,Consumer Index 12
2025-03-01,96.59,Consumer Index 12
2025-04-01,97.63,Consumer Index 12
2025-05-01,97.68,Consumer Index 12
2025-06-01,99.4,Consumer Index 12
2025-07-01,99.88,Consumer Index 12
2025-08-01,100.72,Consumer Index 12
2025-09-01,101.06,Consumer Index 12
2025-10-01,101.76,Consumer Index 12
2025-11-01,101.7,Consumer Index 12
2025-12-01,102.38,Consumer Index 12
2026-01-01,101.67,Consumer Index 12
2026-02-01,101.19,Consumer Index 12
2026-03-01,100.04,Consumer Index 12
2026-04-01,98.72,Consumer Index 12
2026-05-01,98.47,Consumer Index 12
2026-06-01,96.59,Consumer Index 12
2026-07-01,94.79,Consumer Index 12
2026-08-01,95.0,Consumer Index 12
2026-09-01,94.48,Consumer Index 12
2026-10-01,95.43,Consumer Index 12
2026-11-01,95.19,Consumer Index 12
2026-12-01,95.8,Consumer Index 12
2027-01-01,98.32,Consumer Index 12
2027-02-01,99.0,Consumer Index 12
2027-03-01,99.41,Consumer Index 12
2027-04-01,99.99,Consumer Index 12
2027-05-01,100.76,Consumer Index 12
2027-06-01,101.1,Consumer Index 12
2027-07-01,99.46,Consumer Index 12
2027-08-01,98.76,Consumer Index 12
2027-09-01,98.14,Consumer Index 12
2027-10-01,97.13,Consumer Index 12
2027-11-01,95.66,Consumer Index 12
2027-12-01,95.2,Consumer Index 12
2028-01-01,94.25,Consumer Index 12
2028-02-01,92.63,Consumer Index 12
2021-01-01,95.05,Consumer Index 13
2021-02-01,97.23,Consumer Index 13
2021-03-01,99.52,Consumer Index 13
2021-04-01,100.27,Consumer Index 13
2021-05-01,99.33,Consumer Index 13
2021-06-01,97.79,Consumer Index 13
2021-07-01,94.97,Consumer Index 13
2021-08-01,92.67,Consumer Index 13
2021-09-01,91.0,Consumer Index 13
2021-10-01,90.31,Consumer Index 13
2021-11-01,91.31,Consumer Index 13
2021-12-01,92.63,Consumer Index 13
2022-01-01,95.66,Consumer Index 13
2022-02-01,98.13,Consumer Index 13
2022-03-01,99.57,Consumer Index 13
2022-04-01,100.88,Consumer Index 13
2022-05-01,100.18,Consumer Index 13
2022-06-01,98.16,Consumer Index 13
2022-07-01,96.42,Consumer Index 13
2022-08-01,93.1,Consumer Index 13
2022-09-01,92.43,Consumer Index 13
2022-10-01,90.0,Consumer Index 13
2022-11-01,91.79,Consumer Index 13
2022-12-01,93.6,Consumer Index 13
2023-01-01,96.91,Consumer Index 13
2023-02-01,98.99,Consumer Index 13
2023-03-01,99.48,Consumer Index 13
2023-04-01,101.53,Consumer Index 13
2023-05-01,100.96,Consumer Index 13
2023-06-01,98.86,Consumer Index 13
2023-07-01,96.79,Consumer Index 13
2023-08-01,93.86,Consumer Index 13
2023-09-01,92.45,Consumer Index 13
2023-10-01,92.69,Consumer Index 13
2023-11-01,91.76,Consumer Index 13
2023-12-01,93.57,Consumer Index 13
2024-01-01,96.78,Consumer Index 13
2024-02-01,99.59,Consumer Index 13
2024-03-01,100.89,Consumer Index 13
2024-04-01,101.82,Consumer Index 13
2024-05-01,101.49,Consumer Index 13
2024-06-01,98.99,Consumer Index 13
2024-07-01,97.38,Consumer Index 13
2024-08-01,95.16,Consumer Index 13
2024-09-01,93.24,Consumer Index 13
2024-10-01,92.2,Consumer Index 13
2024-11-01,92.12,Consumer Index 13
2024-12-01,94.41,Consumer Index 13
2025-01-01,96.5,Consumer Index 13
2025-02-01,100.01,Consumer Index 13
2025-03-01,101.9,Consumer Index 13
2025-04-01,102.44,Consumer Index 13
2025-05-01,101.78,Consumer Index 13
2025-06-01,100.53,Consumer Index 13
2025-07-01,96.57,Consumer Index 13
2025-08-01,94.7,Consumer Index 13
2025-09-01,93.47,Consumer Index 13
2025-10-01,93.06,Consumer Index 13
2025-11-01,92.43,Consumer Index 13
2025-12-01,95.63,Consumer Index 13
2026-01-01,97.24,Consumer Index 13
2026-02-01,99.91,Consumer Index 13
2026-03-01,102.01,Consumer Index 13
2026-04-01,103.48,Consumer Index 13
2026-05-01,102.37,Consumer Index 13
2026-06-01,101.02,Consumer Index 13
2026-07-01,98.71,Consumer Index 13
2026-08-01,95.36,Consumer Index 13
2026-09-01,94.26,Consumer Index 13
2026-10-01,93.72,Consumer Index 13
2026-11-01,93.32,Consumer Index 13
2026-12-01,96.81,Consumer Index 13
2027-01-01,98.23,Consumer Index 13
2027-02-01,101.0,Consumer Index 13
2027-03-01,103.43,Consumer Index 13
2027-04-01,103.04,Consumer Index 13
2027-05-01,103.69,Consumer Index 13
2027-06-01,101.66,Consumer Index 13
2027-07-01,98.44,Consumer Index 13
2027-08-01,96.57,Consumer Index 13
2027-09-01,95.1,Consumer Index 13
2027-10-01,95.03,Consumer Index 13
2027-11-01,94.82,Consumer Index 13
2027-12-01,96.89,Consumer Index 13
2028-01-01,99.79,Consumer Index 13
2028-02-01,101.79,Consumer Index 13
2021-01-01,99.66,Consumer Index 14
2021-02-01,100.29,Consumer Index 14
2021-03-01,100.45,Consumer Index 14
2021-04-01,100.1,Consumer Index 14
2021-05-01,99.98,Consumer Index 14
2021-06-01,100.49,Consumer Index 14
2021-07-01,100.53,Consumer Index 14
2021-08-01,100.13,Consumer Index 14
2021-09-01,100.13,Consumer Index 14
2021-10-01,100.11,Consumer Index 14
2021-11-01,100.23,Consumer Index 14
2021-12-01,100.15,Consumer Index 14
2022-01-01,99.95,Consumer Index 14
2022-02-01,99.9,Consumer Index 14
2022-03-01,100.37,Consumer Index 14
2022-04-01,100.21,Consumer Index 14
2022-05-01,99.82,Consumer Index 14
2022-06-01,99.76,Consumer Index 14
2022-07-01,99.74,Consumer Index 14
2022-08-01,100.15,Consumer Index 14
2022-09-01,99.84,Consumer Index 14
2022-10-01,100.11,Consumer Index 14
2022-11-01,100.13,Consumer Index 14
2022-12-01,99.95,Consumer Index 14
2023-01-01,99.27,Consumer Index 14
2023-02-01,99.96,Consumer Index 14
2023-03-01,99.86,Consumer Index 14
2023-04-01,100.12,Consumer Index 14
2023-05-01,100.72,Consumer Index 14
2023-06-01,100.02,Consumer Index 14
2023-07-01,99.81,Consumer Index 14
2023-08-01,99.9,Consumer Index 14
2023-09-01,99.88,Consumer Index 14
2023-10-01,99.89,Consumer Index 14
2023-11-01,99.76,Consumer Index 14
2023-12-01,100.5,Consumer Index 14
2024-01-01,100.12,Consumer Index 14
2024-02-01,99.99,Consumer Index 14
2024-03-01,99.81,Consumer Index 14
2024-04-01,99.42,Consumer Index 14
2024-05-01,100.18,Consumer Index 14
2024-06-01,101.12,Consumer Index 14
2024-07-01,99.59,Consumer Index 14
2024-08-01,100.17,Consumer Index 14
2024-09-01,100.17,Consumer Index 14
2024-10-01,100.01,Consumer Index 14
2024-11-01,99.98,Consumer Index 14
2024-12-01,99.84,Consumer Index 14
2025-01-01,99.74,Consumer Index 14
2025-02-01,100.05,Consumer Index 14
2025-03-01,99.68,Consumer Index 14
2025-04-01,100.15,Consumer Index 14
2025-05-01,100.05,Consumer Index 14
2025-06-01,100.37,Consumer Index 14
2025-07-01,99.83,Consumer Index 14
2025-08-01,99.97,Consumer Index 14
2025-09-01,99.49,Consumer Index 14
2025-10-01,100.05,Consumer Index 14
2025-11-01,99.77,Consumer Index 14
2025-12-01,100.09,Consumer Index 14
2026-01-01,99.58,Consumer Index 14
2026-02-01,100.38,Consumer Index 14
2026-03-01,100.15,Consumer Index 14
2026-04-01,100.07,Consumer Index 14
2026-05-01,99.91,Consumer Index 14
2026-06-01,100.53,Consumer Index 14
2026-07-01,99.69,Consumer Index 14
2026-08-01,99.81,Consumer Index 14
2026-09-01,100.43,Consumer Index 14
2026-10-01,100.4,Consumer Index 14
2026-11-01,99.66,Consumer Index 14
2026-12-01,99.91,Consumer Index 14
2027-01-01,100.0,Consumer Index 14
2027-02-01,99.93,Consumer Index 14
2027-03-01,100.08,Consumer Index 14
2027-04-01,99.97,Consumer Index 14
2027-05-01,100.19,Consumer Index 14
2027-06-01,100.03,Consumer Index 14
2027-07-01,99.68,Consumer Index 14
2027-08-01,100.34,Consumer Index 14
2027-09-01,99.72,Consumer Index 14
2027-10-01,99.84,Consumer Index 14
2027-11-01,99.66,Consumer Index 14
2027-12-01,99.95,Consumer Index 14
2028-01-01,99.63,Consumer Index 14
2028-02-01,99.9,Consumer Index 14
2021-01-01,105.34,Consumer Index 15
2021-02-01,106.04,Consumer Index 15
2021-03-01,106.82,Consumer Index 15
2021-04-01,107.33,Consumer Index 15
2021-05-01,107.12,Consumer Index 15
2021-06-01,106.96,Consumer Index 15
2021-07-01,108.26,Consumer Index 15
2021-08-01,105.65,Consumer Index 15
2021-09-01,105.23,Consumer Index 15
2021-10-01,104.97,Consumer Index 15
2021-11-01,103.94,Consumer Index 15
2021-12-01,101.94,Consumer Index 15
2022-01-01,101.17,Consumer Index 15
2022-02-01,100.46,Consumer Index 15
2022-03-01,99.95,Consumer Index 15
2022-04-01,100.32,Consumer Index 15
2022-05-01,102.11,Consumer Index 15
2022-06-01,102.25,Consumer Index 15
2022-07-01,103.05,Consumer Index 15
2022-08-01,104.35,Consumer Index 15
2022-09-01,104.46,Consumer Index 15
2022-10-01,105.31,Consumer Index 15
2022-11-01,106.43,Consumer Index 15
2022-12-01,105.24,Consumer Index 15
2023-01-01,104.08,Consumer Index 15
2023-02-01,104.97,Consumer Index 15
2023-03-01,103.73,Consumer Index 15
2023-04-01,101.86,Consumer Index 15
2023-05-01,101.36,Consumer Index 15
2023-06-01,100.17,Consumer Index 15
2023-07-01,99.45,Consumer Index 15
2023-08-01,99.71,Consumer Index 15
2023-09-01,98.57,Consumer Index 15
2023-10-01,98.82,Consumer Index 15
2023-11-01,99.43,Consumer Index 15
2023-12-01,100.37,Consumer Index 15
2024-01-01,100.94,Consumer Index 15
2024-02-01,102.14,Consumer Index 15
2024-03-01,103.18,Consumer Index 15
2024-04-01,105.32,Consumer Index 15
2024-05-01,104.74,Consumer Index 15
2024-06-01,103.4,Consumer Index 15
2024-07-01,103.53,Consumer Index 15
2024-08-01,103.18,Consumer Index 15
2024-09-01,101.67,Consumer Index 15
2024-10-01,100.89,Consumer Index 15
2024-11-01,99.64,Consumer Index 15
2024-12-01,98.59,Consumer Index 15
2025-01-01,96.92,Consumer Index 15
2025-02-01,96.29,Consumer Index 15
2025-03-01,96.67,Consumer Index 15
2025-04-01,97.28,Consumer Index 15
2025-05-01,98.7,Consumer Index 15
2025-06-01,98.85,Consumer Index 15
2025-07-01,98.72,Consumer Index 15
2025-08-01,100.68,Consumer Index 15
2025-09-01,101.13,Consumer Index 15
2025-10-01,100.95,Consumer Index 15
2025-11-01,102.26,Consumer Index 15
2025-12-01,101.6,Consumer Index 15
2026-01-01,101.58,Consumer Index 15
2026-02-01,101.56,Consumer Index 15
2026-03-01,99.71,Consumer Index 15
2026-04-01,98.61,Consumer Index 15
2026-05-01,97.76,Consumer Index 15
2026-06-01,97.07,Consumer Index 15
2026-07-01,95.42,Consumer Index 15
2026-08-01,95.76,Consumer Index 15
2026-09-01,94.48,Consumer Index 15
2026-10-01,95.4,Consumer Index 15
2026-11-01,95.98,Consumer Index 15
2026-12-01,96.66,Consumer Index 15
2027-01-01,97.69,Consumer Index 15
2027-02-01,97.99,Consumer Index 15
2027-03-01,99.48,Consumer Index 15
2027-04-01,99.68,Consumer Index 15
2027-05-01,100.07,Consumer Index 15
2027-06-01,100.21,Consumer Index 15
2027-07-01,99.03,Consumer Index 15
2027-08-01,98.37,Consumer Index 15
2027-09-01,97.72,Consumer Index 15
2027-10-01,97.03,Consumer Index 15
2027-11-01,95.14,Consumer Index 15
2027-12-01,93.89,Consumer Index 15
2028-01-01,94.45,Consumer Index 15
2028-02-01,93.92,Consumer Index 15
2021-01-01,100.29,Consumer Index 16
2021-02-01,100.4,Consumer Index 16
2021-03-01,100.57,Consumer Index 16
2021-04-01,101.43,Consumer Index 16
2021-05-01,101.04,Consumer Index 16
2021-06-01,102.3,Consumer Index 16
2021-07-01,102.53,Consumer Index 16
2021-08-01,101.95,Consumer Index 16
2021-09-01,102.31,Consumer Index 16
2021-10-01,102.98,Consumer Index 16
2021-11-01,102.72,Consumer Index 16
2021-12-01,103.19,Consumer Index 16
2022-01-01,103.44,Consumer Index 16
2022-02-01,104.06,Consumer Index 16
2022-03-01,104.35,Consumer Index 16
2022-04-01,103.68,Consumer Index 16
2022-05-01,104.96,Consumer Index 16
2022-06-01,104.92,Consumer Index 16
2022-07-01,105.09,Consumer Index 16
2022-08-01,105.84,Consumer Index 16
2022-09-01,106.46,Consumer Index 16
2022-10-01,106.39,Consumer Index 16
2022-11-01,106.5,Consumer Index 16
2022-12-01,106.9,Consumer Index 16
2023-01-01,107.15,Consumer Index 16
2023-02-01,107.45,Consumer Index 16
2023-03-01,108.65,Consumer Index 16
2023-04-01,108.36,Consumer Index 16
2023-05-01,108.2,Consumer Index 16
2023-06-01,108.97,Consumer Index 16
2023-07-01,108.9,Consumer Index 16
2023-08-01,109.75,Consumer Index 16
2023-09-01,109.65,Consumer Index 16
2023-10-01,110.96,Consumer Index 16
2023-11-01,110.81,Consumer Index 16
2023-12-01,110.11,Consumer Index 16
2024-01-01,111.17,Consumer Index 16
2024-02-01,111.65,Consumer Index 16
2024-03-01,110.82,Consumer Index 16
2024-04-01,111.47,Consumer Index 16
2024-05-01,112.67,Consumer Index 16
2024-06-01,112.72,Consumer Index 16
2024-07-01,113.5,Consumer Index 16
2024-08-01,112.77,Consumer Index 16
2024-09-01,111.98,Consumer Index 16
2024-10-01,112.9,Consumer Index 16
2024-11-01,113.02,Consumer Index 16
2024-12-01,113.83,Consumer Index 16
2025-01-01,113.76,Consumer Index 16
2025-02-01,114.98,Consumer Index 16
2025-03-01,115.49,Consumer Index 16
2025-04-01,115.21,Consumer Index 16
2025-05-01,116.66,Consumer Index 16
2025-06-01,116.4,Consumer Index 16
2025-07-01,116.44,Consumer Index 16
2025-08-01,115.92,Consumer Index 16
2025-09-01,117.07,Consumer Index 16
2025-10-01,116.76,Consumer Index 16
2025-11-01,117.63,Consumer Index 16
2025-12-01,117.01,Consumer Index 16
2026-01-01,119.25,Consumer Index 16
2026-02-01,119.47,Consumer Index 16
2026-03-01,118.59,Consumer Index 16
2026-04-01,119.3,Consumer Index 16
2026-05-01,119.21,Consumer Index 16
2026-06-01,119.24,Consumer Index 16
2026-07-01,119.58,Consumer Index 16
2026-08-01,119.98,Consumer Index 16
2026-09-01,120.4,Consumer Index 16
2026-10-01,121.18,Consumer Index 16
2026-11-01,120.61,Consumer Index 16
2026-12-01,121.24,Consumer Index 16
2027-01-01,122.7,Consumer Index 16
2027-02-01,122.15,Consumer Index 16
2027-03-01,123.0,Consumer Index 16
2027-04-01,121.62,Consumer Index 16
2027-05-01,122.59,Consumer Index 16
2027-06-01,123.42,Consumer Index 16
2027-07-01,123.41,Consumer Index 16
2027-08-01,123.94,Consumer Index 16
2027-09-01,124.44,Consumer Index 16
2027-10-01,123.11,Consumer Index 16
2027-11-01,124.6,Consumer Index 16
2027-12-01,124.84,Consumer Index 16
2028-01-01,125.39,Consumer Index 16
2028-02-01,125.13,Consumer Index 16
2021-01-01,95.03,Consumer Index 17
2021-02-01,98.24,Consumer Index 17
2021-03-01,100.62,Consumer Index 17
2021-04-01,99.75,Consumer Index 17
2021-05-01,99.34,Consumer Index 17
2021-06-01,97.87,Consumer Index 17
2021-07-01,95.58,Consumer Index 17
2021-08-01,91.42,Consumer Index 17
2021-09-01,91.28,Consumer Index 17
2021-10-01,90.02,Consumer Index 17
2021-11-01,90.81,Consumer Index 17
2021-12-01,92.75,Consumer Index 17
2022-01-01,95.16,Consumer Index 17
2022-02-01,98.36,Consumer Index 17
2022-03-01,99.93,Consumer Index 17
2022-04-01,101.0,Consumer Index 17
2022-05-01,100.14,Consumer Index 17
2022-06-01,98.19,Consumer Index 17
2022-07-01,95.98,Consumer Index 17
2022-08-01,92.78,Consumer Index 17
2022-09-01,91.56,Consumer Index 17
2022-10-01,90.84,Consumer Index 17
2022-11-01,91.19,Consumer Index 17
2022-12-01,93.25,Consumer Index 17
2023-01-01,95.64,Consumer Index 17
2023-02-01,98.5,Consumer Index 17
2023-03-01,100.82,Consumer Index 17
2023-04-01,101.24,Consumer Index 17
2023-05-01,100.9,Consumer Index 17
2023-06-01,99.22,Consumer Index 17
2023-07-01,96.06,Consumer Index 17
2023-08-01,94.84,Consumer Index 17
2023-09-01,91.75,Consumer Index 17
2023-10-01,92.99,Consumer Index 17
2023-11-01,91.73,Consumer Index 17
2023-12-01,93.79,Consumer Index 17
2024-01-01,96.81,Consumer Index 17
2024-02-01,98.51,Consumer Index 17
2024-03-01,101.05,Consumer Index 17
2024-04-01,101.53,Consumer Index 17
2024-05-01,100.75,Consumer Index 17
2024-06-01,99.36,Consumer Index 17
2024-07-01,97.54,Consumer Index 17
2024-08-01,93.99,Consumer Index 17
2024-09-01,92.44,Consumer Index 17
2024-10-01,92.38,Consumer Index 17
2024-11-01,92.92,Consumer Index 17
2024-12-01,94.56,Consumer Index 17
2025-01-01,98.17,Consumer Index 17
2025-02-01,99.87,Consumer Index 17
2025-03-01,101.9,Consumer Index 17
2025-04-01,103.25,Consumer Index 17
2025-05-01,102.5,Consumer Index 17
2025-06-01,99.7,Consumer Index 17
2025-07-01,96.93,Consumer Index 17
2025-08-01,95.4,Consumer Index 17
2025-09-01,93.75,Consumer Index 17
2025-10-01,93.71,Consumer Index 17
2025-11-01,94.08,Consumer Index 17
2025-12-01,94.66,Consumer Index 17
2026-01-01,97.81,Consumer Index 17
2026-02-01,100.88,Consumer Index 17
2026-03-01,102.38,Consumer Index 17
2026-04-01,102.04,Consumer Index 17
2026-05-01,102.73,Consumer Index 17
2026-06-01,101.36,Consumer Index 17
2026-07-01,98.47,Consumer Index 17
2026-08-01,95.8,Consumer Index 17
2026-09-01,94.09,Consumer Index 17
2026-10-01,93.46,Consumer Index 17
2026-11-01,95.16,Consumer Index 17
2026-12-01,96.54,Consumer Index 17
2027-01-01,98.07,Consumer Index 17
2027-02-01,100.53,Consumer Index 17
2027-03-01,102.76,Consumer Index 17
2027-04-01,103.39,Consumer Index 17
2027-05-01,104.18,Consumer Index 17
2027-06-01,102.31,Consumer Index 17
2027-07-01,98.77,Consumer Index 17
2027-08-01,96.4,Consumer Index 17
2027-09-01,95.12,Consumer Index 17
2027-10-01,94.14,Consumer Index 17
2027-11-01,94.69,Consumer Index 17
2027-12-01,96.76,Consumer Index 17
2028-01-01,99.56,Consumer Index 17
2028-02-01,101.72,Consumer Index 17
2021-01-01,104.77,Consumer Index 18
2021-02-01,107.14,Consumer Index 18
2021-03-01,107.41,Consumer Index 18
2021-04-01,106.27,Consumer Index 18
2021-05-01,108.05,Consumer Index 18
2021-06-01,108.27,Consumer Index 18
2021-07-01,107.7,Consumer Index 18
2021-08-01,106.16,Consumer Index 18
2021-09-01,105.66,Consumer Index 18
2021-10-01,103.99,Consumer Index 18
2021-11-01,103.18,Consumer Index 18
2021-12-01,101.76,Consumer Index 18
2022-01-01,101.48,Consumer Index 18
2022-02-01,100.45,Consumer Index 18
2022-03-01,100.92,Consumer Index 18
2022-04-01,101.32,Consumer Index 18
2022-05-01,100.88,Consumer Index 18
2022-06-01,102.24,Consumer Index 18
2022-07-01,103.09,Consumer Index 18
2022-08-01,104.24,Consumer Index 18
2022-09-01,104.29,Consumer Index 18
2022-10-01,106.15,Consumer Index 18
2022-11-01,106.07,Consumer Index 18
2022-12-01,105.43,Consumer Index 18
2023-01-01,104.22,Consumer Index 18
2023-02-01,104.48,Consumer Index 18
2023-03-01,103.48,Consumer Index 18
2023-04-01,102.44,Consumer Index 18
2023-05-01,101.5,Consumer Index 18
2023-06-01,100.7,Consumer Index 18
2023-07-01,99.03,Consumer Index 18
2023-08-01,98.05,Consumer Index 18
2023-09-01,99.51,Consumer Index 18
2023-10-01,99.89,Consumer Index 18
2023-11-01,99.2,Consumer Index 18
2023-12-01,100.31,Consumer Index 18
2024-01-01,100.65,Consumer Index 18
2024-02-01,102.14,Consumer Index 18
2024-03-01,103.11,Consumer Index 18
2024-04-01,103.7,Consumer Index 18
2024-05-01,104.09,Consumer Index 18
2024-06-01,104.23,Consumer Index 18
2024-07-01,103.07,Consumer Index 18
2024-08-01,102.68,Consumer Index 18
2024-09-01,101.13,Consumer Index 18
2024-10-01,100.2,Consumer Index 18
2024-11-01,99.48,Consumer Index 18
2024-12-01,98.66,Consumer Index 18
2025-01-01,97.39,Consumer Index 18
2025-02-01,96.95,Consumer Index 18
2025-03-01,97.1,Consumer Index 18
2025-04-01,97.21,Consumer Index 18
2025-05-01,98.51,Consumer Index 18
2025-06-01,98.29,Consumer Index 18
2025-07-01,99.02,Consumer Index 18
2025-08-01,100.41,Consumer Index 18
2025-09-01,101.54,Consumer Index 18
2025-10-01,101.89,Consumer Index 18
2025-11-01,101.77,Consumer Index 18
2025-12-01,102.5,Consumer Index 18
2026-01-01,102.19,Consumer Index 18
2026-02-01,101.12,Consumer Index 18
2026-03-01,100.13,Consumer Index 18
2026-04-01,98.15,Consumer Index 18
2026-05-01,97.31,Consumer Index 18
2026-06-01,96.82,Consumer Index 18
2026-07-01,95.69,Consumer Index 18
2026-08-01,95.18,Consumer Index 18
2026-09-01,95.66,Consumer Index 18
2026-10-01,94.85,Consumer Index 18
2026-11-01,96.42,Consumer Index 18
2026-12-01,96.59,Consumer Index 18
2027-01-01,98.09,Consumer Index 18
2027-02-01,98.57,Consumer Index 18
2027-03-01,98.56,Consumer Index 18
2027-04-01,99.56,Consumer Index 18
2027-05-01,99.67,Consumer Index 18
2027-06-01,100.45,Consumer Index 18
2027-07-01,100.17,Consumer Index 18
2027-08-01,98.75,Consumer Index 18
2027-09-01,98.51,Consumer Index 18
2027-10-01,96.66,Consumer Index 18
2027-11-01,95.57,Consumer Index 18
2027-12-01,94.75,Consumer Index 18
2028-01-01,94.28,Consumer Index 18
2028-02-01,93.74,Consumer Index 18
2021-01-01,105.17,Consumer Index 19
2021-02-01,106.05,Consumer Index 19
2021-03-01,107.55,Consumer Index 19
2021-04-01,107.0,Consumer Index 19
2021-05-01,107.63,Consumer Index 19
2021-06-01,107.83,Consumer Index 19
2021-07-01,106.16,Consumer Index 19
2021-08-01,106.01,Consumer Index 19
2021-09-01,105.09,Consumer Index 19
2021-10-01,103.79,Consumer Index 19
2021-11-01,102.81,Consumer Index 19
2021-12-01,101.76,Consumer Index 19
2022-01-01,100.98,Consumer Index 19
2022-02-01,100.82,Consumer Index 19
2022-03-01,101.4,Consumer Index 19
2022-04-01,101.29,Consumer Index 19
2022-05-01,100.11,Consumer Index 19
2022-06-01,102.56,Consumer Index 19
2022-07-01,102.75,Consumer Index 19
2022-08-01,104.22,Consumer Index 19
2022-09-01,104.67,Consumer Index 19
2022-10-01,105.75,Consumer Index 19
2022-11-01,105.45,Consumer Index 19
2022-12-01,105.9,Consumer Index 19
2023-01-01,105.85,Consumer Index 19
2023-02-01,104.28,Consumer Index 19
2023-03-01,103.38,Consumer Index 19
2023-04-01,103.0,Consumer Index 19
2023-05-01,101.35,Consumer Index 19
2023-06-01,100.44,Consumer Index 19
2023-07-01,100.2,Consumer Index 19
2023-08-01,97.97,Consumer Index 19
2023-09-01,98.56,Consumer Index 19
2023-10-01,98.83,Consumer Index 19
2023-11-01,99.3,Consumer Index 19
2023-12-01,100.11,Consumer Index 19
2024-01-01,101.22,Consumer Index 19
2024-02-01,103.07,Consumer Index 19
2024-03-01,103.08,Consumer Index 19
2024-04-01,102.93,Consumer Index 19
2024-05-01,103.75,Consumer Index 19
2024-06-01,104.23,Consumer Index 19
2024-07-01,103.07,Consumer Index 19
2024-08-01,101.97,Consumer Index 19
2024-09-01,102.77,Consumer Index 19
2024-10-01,101.09,Consumer Index 19
2024-11-01,99.61,Consumer Index 19
2024-12-01,98.62,Consumer Index 19
2025-01-01,97.84,Consumer Index 19
2025-02-01,97.05,Consumer Index 19
2025-03-01,98.13,Consumer Index 19
2025-04-01,97.31,Consumer Index 19
2025-05-01,97.96,Consumer Index 19
2025-06-01,97.82,Consumer Index 19
2025-07-01,100.22,Consumer Index 19
2025-08-01,100.1,Consumer Index 19
2025-09-01,100.98,Consumer Index 19
2025-10-01,102.31,Consumer Index 19
2025-11-01,102.24,Consumer Index 19
2025-12-01,101.59,Consumer Index 19
2026-01-01,101.28,Consumer Index 19
2026-02-01,100.97,Consumer Index 19
2026-03-01,99.18,Consumer Index 19
2026-04-01,98.25,Consumer Index 19
2026-05-01,97.58,Consumer Index 19
2026-06-01,97.17,Consumer Index 19
2026-07-01,96.23,Consumer Index 19
2026-08-01,95.53,Consumer Index 19
2026-09-01,94.89,Consumer Index 19
2026-10-01,94.53,Consumer Index 19
2026-11-01,97.12,Consumer Index 19
2026-12-01,98.06,Consumer Index 19
2027-01-01,97.85,Consumer Index 19
2027-02-01,98.57,Consumer Index 19
2027-03-01,100.35,Consumer Index 19
2027-04-01,99.92,Consumer Index 19
2027-05-01,100.72,Consumer Index 19
2027-06-01,100.32,Consumer Index 19
2027-07-01,99.9,Consumer Index 19
2027-08-01,98.68,Consumer Index 19
2027-09-01,98.78,Consumer Index 19
2027-10-01,96.11,Consumer Index 19
2027-11-01,95.27,Consumer Index 19
2027-12-01,95.13,Consumer Index 19
2028-01-01,94.16,Consumer Index 19
2028-02-01,93.19,Consumer Index 19
2021-01-01,99.82,Consumer Index 20
2021-02-01,100.86,Consumer Index 20
2021-03-01,100.37,Consumer Index 20
2021-04-01,101.76,Consumer Index 20
2021-05-01,101.61,Consumer Index 20
2021-06-01,100.62,Consumer Index 20
2021-07-01,101.68,Consumer Index 20
2021-08-01,102.81,Consumer Index 20
2021-09-01,102.74,Consumer Index 20
2021-10-01,103.4,Consumer Index 20
2021-11-01,103.6,Consumer Index 20
2021-12-01,104.46,Consumer Index 20
2022-01-01,103.7,Consumer Index 20
2022-02-01,103.81,Consumer Index 20
2022-03-01,104.01,Consumer Index 20
2022-04-01,104.28,Consumer Index 20
2022-05-01,104.76,Consumer Index 20
2022-06-01,106.11,Consumer Index 20
2022-07-01,105.84,Consumer Index 20
2022-08-01,105.02,Consumer Index 20
2022-09-01,105.93,Consumer Index 20
2022-10-01,106.59,Consumer Index 20
2022-11-01,105.68,Consumer Index 20
2022-12-01,106.6,Consumer Index 20
2023-01-01,107.8,Consumer Index 20
2023-02-01,107.97,Consumer Index 20
2023-03-01,107.08,Consumer Index 20
2023-04-01,108.17,Consumer Index 20
2023-05-01,108.09,Consumer Index 20
2023-06-01,108.49,Consumer Index 20
2023-07-01,109.46,Consumer Index 20
2023-08-01,109.59,Consumer Index 20
2023-09-01,109.88,Consumer Index 20
2023-10-01,109.62,Consumer Index 20
2023-11-01,109.91,Consumer Index 20
2023-12-01,111.18,Consumer Index 20
2024-01-01,110.89,Consumer Index 20
2024-02-01,111.56,Consumer Index 20
2024-03-01,112.45,Consumer Index 20
2024-04-01,111.3,Consumer Index 20
2024-05-01,112.8,Consumer Index 20
2024-06-01,113.52,Consumer Index 20
2024-07-01,112.92,Consumer Index 20
2024-08-01,112.73,Consumer Index 20
2024-09-01,114.26,Consumer Index 20
2024-10-01,113.68,Consumer Index 20
2024-11-01,114.37,Consumer Index 20
2024-12-01,113.72,Consumer Index 20
2025-01-01,115.13,Consumer Index 20
2025-02-01,114.62,Consumer Index 20
2025-03-01,114.45,Consumer Index 20
2025-04-01,114.95,Consumer Index 20
2025-05-01,115.3,Consumer Index 20
2025-06-01,116.15,Consumer Index 20
2025-07-01,116.9,Consumer Index 20
2025-08-01,116.01,Consumer Index 20
2025-09-01,116.89,Consumer Index 20
2025-10-01,117.27,Consumer Index 20
2025-11-01,118.09,Consumer Index 20
2025-12-01,118.23,Consumer Index 20
2026-01-01,118.67,Consumer Index 20
2026-02-01,118.04,Consumer Index 20
2026-03-01,118.16,Consumer Index 20
2026-04-01,119.02,Consumer Index 20
2026-05-01,119.45,Consumer Index 20
2026-06-01,119.73,Consumer Index 20
2026-07-01,120.15,Consumer Index 20
2026-08-01,120.35,Consumer Index 20
2026-09-01,120.5,Consumer Index 20
2026-10-01,120.71,Consumer Index 20
2026-11-01,120.0,Consumer Index 20
2026-12-01,121.64,Consumer Index 20
2027-01-01,121.47,Consumer Index 20
2027-02-01,120.7,Consumer Index 20
2027-03-01,122.05,Consumer Index 20
2027-04-01,121.78,Consumer Index 20
2027-05-01,122.76,Consumer Index 20
2027-06-01,122.93,Consumer Index 20
2027-07-01,123.11,Consumer Index 20
2027-08-01,123.13,Consumer Index 20
2027-09-01,124.08,Consumer Index 20
2027-10-01,123.71,Consumer Index 20
2027-11-01,125.49,Consumer Index 20
2027-12-01,123.96,Consumer Index 20
2028-01-01,124.32,Consumer Index 20
2028-02-01,125.62,Consumer Index 20
